host_ms,board_ms,cycle_ms,sample_seq,marker,marker_ok,controller_connected,valid_mask,drops,forward_raw_cd,lateral_raw_cd,forward_mm,lateral_right_mm,imu_deg,gyro_x_dps,gyro_y_dps,gyro_z_dps,accel_x_g,accel_y_g,accel_z_g,pitch_deg,roll_deg,motor_l1_rev,motor_l2_rev,motor_l3_rev,motor_r1_rev,motor_r2_rev,motor_r3_rev,f_before_us,f_after_us,l_before_us,l_after_us,g_before_us,g_after_us,drive_before_us,drive_after_us
26,10504,10,851,0,1,1,31,0,30893,650,136.952880,-2.881539,0.034111,0.000000,0.000000,0.000000,-0.021118,-0.065186,1.009277,-1.171329,-3.662596,0.000000000,-0.000000000,0.000000000,-0.000000000,0.000000000,-0.000000000,10784848,10784851,10784851,10784853,10784854,10784867,10784868,10784887
26,10514,10,852,0,1,1,31,0,30893,650,136.952880,-2.881539,0.034062,0.000000,0.000000,0.000000,-0.021362,-0.063721,1.009277,-1.175532,-3.660260,0.000000000,-0.000000000,0.000000000,-0.000000000,0.000000000,-0.000000000,10794846,10794849,10794850,10794852,10794853,10794866,10794867,10794886
26,10524,10,853,0,1,1,31,0,30893,650,136.952880,-2.881539,0.033873,0.000000,0.000000,0.000000,-0.020630,-0.064697,1.008667,-1.169245,-3.651064,0.000000000,-0.000000000,0.000000000,-0.000000000,0.000000000,-0.000000000,10804844,10804847,10804848,10804850,10804851,10804864,10804864,10804883
73,10534,10,854,0,1,1,31,0,30893,650,136.952880,-2.881539,0.033861,0.000000,0.000000,0.000000,-0.020508,-0.064697,1.008301,-1.172836,-3.650461,0.000000000,-0.000000000,0.000000000,-0.000000000,0.000000000,-0.000000000,10814846,10814849,10814850,10814852,10814852,10814865,10814866,10814885
73,10544,10,855,0,1,1,31,0,30893,650,136.952880,-2.881539,0.033824,0.000000,0.000000,0.000000,-0.020508,-0.064331,1.008423,-1.166812,-3.648650,0.000000000,-0.000000000,0.000000000,-0.000000000,0.000000000,-0.000000000,10824846,10824849,10824850,10824852,10824852,10824866,10824866,10824885
73,10554,10,856,0,1,1,31,0,30893,650,136.952880,-2.881539,0.033733,0.000000,0.000000,0.000000,-0.023438,-0.064819,1.008911,-1.183348,-3.644198,0.000000000,-0.000000000,0.000000000,-0.000000000,0.000000000,-0.000000000,10834844,10834847,10834847,10834850,10834850,10834863,10834864,10834883
73,10564,10,857,0,1,1,31,0,30893,650,136.952880,-2.881539,0.033956,0.000000,0.000000,0.000000,-0.020386,-0.065552,1.009521,-1.182655,-3.654963,0.000000000,-0.000000000,0.000000000,-0.000000000,0.000000000,-0.000000000,10844846,10844849,10844850,10844852,10844853,10844866,10844867,10844885
88,10574,10,858,0,1,1,31,0,30893,650,136.952880,-2.881539,0.033974,0.000000,0.000000,0.000000,-0.020386,-0.064941,1.009766,-1.174787,-3.655797,0.000000000,-0.000000000,0.000000000,-0.000000000,0.000000000,-0.000000000,10854846,10854849,10854849,10854852,10854852,10854865,10854866,10854885
88,10584,10,859,0,1,1,31,0,30893,650,136.952880,-2.881539,0.033888,0.000000,0.000000,0.000000,-0.021606,-0.064087,1.008057,-1.179245,-3.651664,0.000000000,-0.000000000,0.000000000,-0.000000000,0.000000000,-0.000000000,10864844,10864847,10864848,10864850,10864851,10864863,10864864,10864883
103,10594,10,860,0,1,1,31,0,30893,650,136.952880,-2.881539,0.034056,0.000000,0.000000,0.000000,-0.020142,-0.065796,1.006958,-1.179503,-3.659753,0.000000000,-0.000000000,0.000000000,-0.000000000,0.000000000,-0.000000000,10874846,10874849,10874849,10874852,10874852,10874865,10874866,10874885
119,10604,10,861,0,1,1,31,0,30893,650,136.952880,-2.881539,0.033781,0.000000,0.000000,0.000000,-0.019409,-0.062622,1.009277,-1.175595,-3.646441,0.000000000,-0.000000000,0.000000000,-0.000000000,0.000000000,-0.000000000,10884846,10884849,10884850,10884852,10884853,10884866,10884867,10884886
119,10614,10,862,0,1,1,31,0,30893,650,136.952880,-2.881539,0.033656,0.000000,0.000000,0.000000,-0.020142,-0.064331,1.008179,-1.175379,-3.640385,0.000000000,-0.000000000,0.000000000,-0.000000000,0.000000000,-0.000000000,10894848,10894852,10894852,10894854,10894855,10894870,10894870,10894890
135,10624,10,863,0,1,1,31,0,30893,650,136.952880,-2.881539,0.033791,0.000000,0.000000,0.000000,-0.021606,-0.064697,1.008789,-1.172811,-3.646963,0.000000000,-0.000000000,0.000000000,-0.000000000,0.000000000,-0.000000000,10904850,10904852,10904853,10904855,10904856,10904870,10904870,10904889
151,10634,10,864,0,1,1,31,0,30893,650,136.952880,-2.881539,0.033988,0.000000,0.000000,0.000000,-0.022461,-0.066284,1.009277,-1.175472,-3.656594,0.000000000,-0.000000000,0.000000000,-0.000000000,0.000000000,-0.000000000,10914847,10914850,10914850,10914853,10914853,10914867,10914867,10914886
151,10644,10,865,0,1,1,31,0,30893,650,136.952880,-2.881539,0.034111,0.000000,0.000000,0.000000,-0.020996,-0.065430,1.009155,-1.178755,-3.662561,0.000000000,-0.000000000,0.000000000,-0.000000000,0.000000000,-0.000000000,10924844,10924847,10924848,10924850,10924851,10924864,10924865,10924883
167,10654,10,866,0,1,1,31,0,30893,650,136.952880,-2.881539,0.034121,0.000000,0.000000,0.000000,-0.020996,-0.065796,1.008545,-1.182731,-3.663024,0.000000000,-0.000000000,0.000000000,-0.000000000,0.000000000,-0.000000000,10934846,10934849,10934850,10934852,10934853,10934866,10934867,10934886
167,10664,10,867,0,1,1,31,0,30893,650,136.952880,-2.881539,0.034220,0.000000,0.000000,0.000000,-0.021484,-0.066284,1.008423,-1.185761,-3.667767,0.000000000,-0.000000000,0.000000000,-0.000000000,0.000000000,-0.000000000,10944847,10944850,10944850,10944853,10944853,10944866,10944867,10944885
182,10674,10,868,0,1,1,31,0,30893,650,136.952880,-2.881539,0.034303,0.000000,0.000000,0.000000,-0.021240,-0.064819,1.008057,-1.184647,-3.671770,0.000000000,-0.000000000,0.000000000,-0.000000000,0.000000000,-0.000000000,10954844,10954847,10954848,10954850,10954851,10954864,10954864,10954884
198,10684,10,869,0,1,1,31,0,30893,650,136.952880,-2.881539,0.034312,0.000000,0.000000,0.000000,-0.020996,-0.065918,1.007935,-1.184902,-3.672210,0.000000000,-0.000000000,0.000000000,-0.000000000,0.000000000,-0.000000000,10964847,10964849,10964850,10964853,10964853,10964866,10964867,10964886
198,10694,10,870,0,1,1,31,0,30893,650,136.952880,-2.881539,0.034435,0.000000,0.000000,0.000000,-0.020996,-0.066162,1.008179,-1.186756,-3.678165,0.000000000,-0.000000000,0.000000000,-0.000000000,0.000000000,-0.000000000,10974844,10974847,10974848,10974850,10974850,10974863,10974864,10974883
214,10704,10,871,0,1,1,31,0,30893,650,136.952880,-2.881539,0.034588,0.000000,0.000000,0.000000,-0.020508,-0.065918,1.009155,-1.186281,-3.685504,0.000000000,-0.000000000,0.000000000,-0.000000000,0.000000000,-0.000000000,10984846,10984849,10984849,10984852,10984853,10984866,10984866,10984885
229,10714,10,872,0,1,1,31,0,30893,650,136.952880,-2.881539,0.034471,0.000000,0.000000,0.000000,-0.019897,-0.065552,1.009521,-1.179916,-3.679871,0.000000000,-0.000000000,0.000000000,-0.000000000,0.000000000,-0.000000000,10994846,10994849,10994850,10994852,10994853,10994866,10994867,10994885
229,10724,10,873,0,1,1,31,0,30893,650,136.952880,-2.881539,0.034481,0.000000,0.000000,0.000000,-0.020752,-0.065186,1.009399,-1.172783,-3.680355,0.000000000,-0.000000000,0.000000000,-0.000000000,0.000000000,-0.000000000,11004847,11004850,11004850,11004853,11004853,11004866,11004867,11004886
244,10734,10,874,0,1,1,31,0,30893,650,136.952880,-2.881539,0.034437,0.000000,0.000000,0.000000,-0.019287,-0.065308,1.008423,-1.166720,-3.678226,0.000000000,-0.000000000,0.000000000,-0.000000000,0.000000000,-0.000000000,11014844,11014847,11014848,11014850,11014850,11014863,11014864,11014883
259,10744,10,875,0,1,1,31,0,30893,650,136.952880,-2.881539,0.034360,0.000000,0.000000,0.000000,-0.020752,-0.065308,1.009277,-1.165102,-3.674453,0.000000000,-0.000000000,0.000000000,-0.000000000,0.000000000,-0.000000000,11024847,11024849,11024850,11024853,11024853,11024866,11024867,11024885
259,10754,10,876,0,1,1,31,0,30893,650,136.952880,-2.881539,0.034283,0.000000,0.000000,0.000000,-0.020020,-0.064087,1.008911,-1.162455,-3.670675,0.000000000,-0.000000000,0.000000000,-0.000000000,0.000000000,-0.000000000,11034847,11034850,11034850,11034853,11034853,11034866,11034866,11034886
275,10764,10,877,0,1,1,31,0,30893,650,136.952880,-2.881539,0.034157,0.000000,0.000000,0.000000,-0.020630,-0.064087,1.009033,-1.166096,-3.664510,0.000000000,-0.000000000,0.000000000,-0.000000000,0.000000000,-0.000000000,11044844,11044847,11044848,11044850,11044851,11044864,11044864,11044883
291,10774,10,878,0,1,1,31,0,30893,650,136.952880,-2.881539,0.034263,0.000000,0.000000,0.000000,-0.020996,-0.065308,1.009155,-1.166491,-3.669691,0.000000000,-0.000000000,0.000000000,-0.000000000,0.000000000,-0.000000000,11054847,11054850,11054851,11054853,11054854,11054867,11054868,11054887
291,10784,10,879,0,1,1,31,0,30893,650,136.952880,-2.881539,0.034144,0.000000,0.000000,0.000000,-0.019775,-0.065063,1.008789,-1.166815,-3.663866,0.000000000,-0.000000000,0.000000000,-0.000000000,0.000000000,-0.000000000,11064847,11064850,11064850,11064853,11064853,11064866,11064867,11064886
306,10794,10,880,0,1,1,31,0,30893,650,136.952880,-2.881539,0.034195,0.000000,0.000000,0.000000,-0.021362,-0.066040,1.009155,-1.171671,-3.666366,0.000000000,-0.000000000,0.000000000,-0.000000000,0.000000000,-0.000000000,11074844,11074847,11074848,11074850,11074851,11074863,11074864,11074883
306,10804,10,881,0,1,1,31,0,30893,650,136.952880,-2.881539,0.034241,0.000000,0.000000,0.000000,-0.020264,-0.064819,1.008423,-1.170912,-3.668608,0.000000000,-0.000000000,0.000000000,-0.000000000,0.000000000,-0.000000000,11084847,11084850,11084850,11084853,11084853,11084866,11084867,11084886
322,10814,10,882,0,1,1,31,0,30893,650,136.952880,-2.881539,0.034147,0.000000,0.000000,0.000000,-0.020630,-0.064575,1.009033,-1.165315,-3.663986,0.000000000,-0.000000000,0.000000000,-0.000000000,0.000000000,-0.000000000,11094852,11094855,11094855,11094858,11094859,11094873,11094874,11094893
338,10824,10,883,0,1,1,31,0,30893,650,136.952880,-2.881539,0.034107,0.000000,0.000000,0.000000,-0.021973,-0.065063,1.008911,-1.168071,-3.662012,0.000000000,-0.000000000,0.000000000,-0.000000000,0.000000000,-0.000000000,11104846,11104849,11104850,11104852,11104853,11104866,11104867,11104885
338,10834,10,884,0,1,1,31,0,30893,650,136.952880,-2.881539,0.034056,0.000000,0.000000,0.000000,-0.020264,-0.064819,1.008423,-1.163843,-3.659505,0.000000000,-0.000000000,0.000000000,-0.000000000,0.000000000,-0.000000000,11114846,11114849,11114849,11114852,11114852,11114866,11114867,11114886
353,10844,10,885,0,1,1,31,0,30893,650,136.952880,-2.881539,0.034056,0.000000,0.000000,0.000000,-0.020874,-0.064819,1.009033,-1.165666,-3.659516,0.000000000,-0.000000000,0.000000000,-0.000000000,0.000000000,-0.000000000,11124847,11124850,11124851,11124853,11124854,11124867,11124867,11124886
367,10854,10,886,0,1,1,31,0,30893,650,136.952880,-2.881539,0.034005,0.000000,0.000000,0.000000,-0.020752,-0.065186,1.009155,-1.166597,-3.657032,0.000000000,-0.000000000,0.000000000,-0.000000000,0.000000000,-0.000000000,11134844,11134847,11134848,11134850,11134851,11134864,11134865,11134884
367,10864,10,887,0,1,1,31,0,30893,650,136.952880,-2.881539,0.034007,0.000000,0.000000,0.000000,-0.019775,-0.064697,1.008301,-1.156240,-3.657119,0.000000000,-0.000000000,0.000000000,-0.000000000,0.000000000,-0.000000000,11144847,11144849,11144850,11144852,11144853,11144866,11144867,11144886
383,10874,10,888,0,1,1,31,0,30893,650,136.952880,-2.881539,0.033924,0.000000,0.000000,0.000000,-0.020386,-0.065674,1.008789,-1.148725,-3.653020,0.000000000,-0.000000000,0.000000000,-0.000000000,0.000000000,-0.000000000,11154846,11154849,11154850,11154852,11154853,11154866,11154867,11154885
398,10884,10,889,0,1,1,31,0,30893,650,136.952880,-2.881539,0.034190,0.000000,0.000000,0.000000,-0.020508,-0.066650,1.008545,-1.153695,-3.666198,0.000000000,-0.000000000,0.000000000,-0.000000000,0.000000000,-0.000000000,11164845,11164848,11164849,11164851,11164851,11164864,11164865,11164884
398,10894,10,890,0,1,1,31,0,30893,650,136.952880,-2.881539,0.034227,0.000000,0.000000,0.000000,-0.020752,-0.064819,1.008179,-1.158600,-3.668010,0.000000000,-0.000000000,0.000000000,-0.000000000,0.000000000,-0.000000000,11174847,11174849,11174850,11174852,11174853,11174866,11174867,11174886
413,10904,10,891,0,1,1,31,0,30893,650,136.952880,-2.881539,0.034243,0.000000,0.000000,0.000000,-0.020752,-0.064941,1.008301,-1.160319,-3.668841,0.000000000,-0.000000000,0.000000000,-0.000000000,0.000000000,-0.000000000,11184847,11184850,11184850,11184852,11184853,11184866,11184867,11184885
429,10914,10,892,0,1,1,31,0,30893,650,136.952880,-2.881539,0.034260,0.000000,0.000000,0.000000,-0.020996,-0.064697,1.009277,-1.165702,-3.669642,0.000000000,-0.000000000,0.000000000,-0.000000000,0.000000000,-0.000000000,11194845,11194847,11194848,11194850,11194851,11194864,11194864,11194883
429,10924,10,893,0,1,1,31,0,30893,650,136.952880,-2.881539,0.034237,0.000000,0.000000,0.000000,-0.020386,-0.065063,1.008057,-1.164860,-3.668516,0.000000000,-0.000000000,0.000000000,-0.000000000,0.000000000,-0.000000000,11204847,11204850,11204851,11204853,11204854,11204867,11204867,11204887
444,10934,10,894,0,1,1,31,0,30893,650,136.952880,-2.881539,0.034356,0.000000,0.000000,0.000000,-0.020508,-0.065796,1.009521,-1.160707,-3.674382,0.000000000,-0.000000000,0.000000000,-0.000000000,0.000000000,-0.000000000,11214848,11214851,11214852,11214854,11214855,11214868,11214869,11214888
459,10944,10,895,0,1,1,31,0,30893,650,136.952880,-2.881539,0.034159,0.000000,0.000000,0.000000,-0.021851,-0.064087,1.008179,-1.167637,-3.664713,0.000000000,-0.000000000,0.000000000,-0.000000000,0.000000000,-0.000000000,11224845,11224848,11224849,11224851,11224852,11224865,11224866,11224885
459,10954,10,896,0,1,1,31,0,30893,650,136.952880,-2.881539,0.034161,0.000000,0.000000,0.000000,-0.022095,-0.064697,1.007935,-1.174647,-3.664839,0.000000000,-0.000000000,0.000000000,-0.000000000,0.000000000,-0.000000000,11234847,11234850,11234850,11234853,11234853,11234866,11234867,11234886
474,10964,10,897,0,1,1,31,0,30893,650,136.952880,-2.881539,0.033977,0.000000,0.000000,0.000000,-0.020264,-0.064819,1.009766,-1.171975,-3.655886,0.000000000,-0.000000000,0.000000000,-0.000000000,0.000000000,-0.000000000,11244847,11244849,11244850,11244853,11244853,11244866,11244867,11244886
490,10974,10,898,0,1,1,31,0,30893,650,136.952880,-2.881539,0.034169,0.000000,0.000000,0.000000,-0.021362,-0.065308,1.008423,-1.167709,-3.665283,0.000000000,-0.000000000,0.000000000,-0.000000000,0.000000000,-0.000000000,11254844,11254847,11254848,11254850,11254851,11254864,11254864,11254883
490,10984,10,899,0,1,1,31,0,30893,650,136.952880,-2.881539,0.034241,0.000000,0.000000,0.000000,-0.021606,-0.066162,1.008301,-1.172192,-3.668776,0.000000000,-0.000000000,0.000000000,-0.000000000,0.000000000,-0.000000000,11264848,11264850,11264851,11264853,11264854,11264867,11264868,11264887
506,10994,10,900,0,1,1,31,0,30893,650,136.952880,-2.881539,0.034309,0.000000,0.000000,0.000000,-0.020996,-0.066650,1.009155,-1.168178,-3.672086,0.000000000,-0.000000000,0.000000000,-0.000000000,0.000000000,-0.000000000,11274847,11274850,11274851,11274853,11274854,11274867,11274868,11274886
506,11004,10,901,0,1,1,31,0,30893,650,136.952880,-2.881539,0.034325,0.000000,0.000000,0.000000,-0.019775,-0.065796,1.008911,-1.156438,-3.672886,0.000000000,-0.000000000,0.000000000,-0.000000000,0.000000000,-0.000000000,11284846,11284849,11284849,11284852,11284852,11284865,11284865,11284884
521,11014,10,902,0,1,1,31,0,30893,650,136.952880,-2.881539,0.034349,0.000000,0.000000,0.000000,-0.019775,-0.065796,1.007812,-1.149047,-3.674100,0.000000000,-0.000000000,0.000000000,-0.000000000,0.000000000,-0.000000000,11294852,11294855,11294856,11294859,11294859,11294874,11294875,11294894
537,11024,10,903,0,1,1,31,0,30893,650,136.952880,-2.881539,0.034308,0.000000,0.000000,0.000000,-0.018555,-0.063721,1.009033,-1.141763,-3.672068,0.000000000,-0.000000000,0.000000000,-0.000000000,0.000000000,-0.000000000,11304849,11304852,11304853,11304855,11304856,11304869,11304870,11304889
537,11034,10,904,0,1,1,31,0,30893,650,136.952880,-2.881539,0.034078,0.000000,0.000000,0.000000,-0.020630,-0.064819,1.009277,-1.144983,-3.660544,0.000000000,-0.000000000,0.000000000,-0.000000000,0.000000000,-0.000000000,11314846,11314848,11314849,11314851,11314852,11314865,11314866,11314885
552,11044,10,905,0,1,1,31,0,30893,650,136.952880,-2.881539,0.034140,0.000000,0.000000,0.000000,-0.020752,-0.065552,1.009399,-1.151747,-3.663645,0.000000000,-0.000000000,0.000000000,-0.000000000,0.000000000,-0.000000000,11324849,11324852,11324853,11324855,11324856,11324869,11324870,11324889
568,11054,10,906,0,1,1,31,0,30893,650,136.952880,-2.881539,0.034068,0.000000,0.000000,0.000000,-0.019165,-0.064941,1.010010,-1.144746,-3.660052,0.000000000,-0.000000000,0.000000000,-0.000000000,0.000000000,-0.000000000,11334846,11334849,11334850,11334852,11334853,11334866,11334867,11334886
568,11064,10,907,0,1,1,31,0,30893,650,136.952880,-2.881539,0.034215,0.000000,0.000000,0.000000,-0.020752,-0.066406,1.009033,-1.146948,-3.667388,0.000000000,-0.000000000,0.000000000,-0.000000000,0.000000000,-0.000000000,11344845,11344848,11344849,11344851,11344852,11344865,11344865,11344884
583,11074,10,908,0,1,1,31,0,30893,650,136.952880,-2.881539,0.034090,0.000000,0.000000,0.000000,-0.020264,-0.064209,1.008301,-1.151584,-3.661202,0.000000000,-0.000000000,0.000000000,-0.000000000,0.000000000,-0.000000000,11354847,11354850,11354851,11354853,11354854,11354867,11354868,11354887
598,11084,10,909,0,1,1,31,0,30893,650,136.952880,-2.881539,0.034106,0.000000,0.000000,0.000000,-0.022461,-0.066040,1.009277,-1.158982,-3.661965,0.000000000,-0.000000000,0.000000000,-0.000000000,0.000000000,-0.000000000,11364847,11364850,11364851,11364853,11364854,11364867,11364867,11364886
598,11094,10,910,0,1,1,31,0,30893,650,136.952880,-2.881539,0.034119,0.000000,0.000000,0.000000,-0.019897,-0.065308,1.009033,-1.158452,-3.662597,0.000000000,-0.000000000,0.000000000,-0.000000000,0.000000000,-0.000000000,11374845,11374848,11374849,11374851,11374852,11374865,11374865,11374884
613,11104,10,911,0,1,1,31,0,30893,650,136.952880,-2.881539,0.034219,0.000000,0.000000,0.000000,-0.019531,-0.065918,1.007690,-1.150638,-3.667569,0.000000000,-0.000000000,0.000000000,-0.000000000,0.000000000,-0.000000000,11384847,11384850,11384851,11384853,11384854,11384867,11384868,11384886
629,11114,10,912,0,1,1,31,0,30893,650,136.952880,-2.881539,0.034201,0.000000,0.000000,0.000000,-0.021851,-0.065674,1.009033,-1.164708,-3.666642,0.000000000,-0.000000000,0.000000000,-0.000000000,0.000000000,-0.000000000,11394848,11394850,11394851,11394853,11394854,11394867,11394868,11394887
629,11124,10,913,0,1,1,31,0,30893,650,136.952880,-2.881539,0.034338,0.000000,0.000000,0.000000,-0.020386,-0.066040,1.009644,-1.163326,-3.673349,0.000000000,-0.000000000,0.000000000,-0.000000000,0.000000000,-0.000000000,11404845,11404848,11404849,11404851,11404852,11404865,11404866,11404885
645,11134,10,914,0,1,1,31,0,30893,650,136.952880,-2.881539,0.034180,0.000000,0.000000,0.000000,-0.020264,-0.064941,1.008301,-1.160676,-3.665617,0.000000000,-0.000000000,0.000000000,-0.000000000,0.000000000,-0.000000000,11414847,11414850,11414851,11414853,11414853,11414866,11414867,11414886
660,11144,10,915,0,1,1,31,0,30893,650,136.952880,-2.881539,0.034362,0.000000,0.000000,0.000000,-0.020386,-0.065674,1.009766,-1.157708,-3.674560,0.000000000,-0.000000000,0.000000000,-0.000000000,0.000000000,-0.000000000,11424847,11424850,11424851,11424853,11424854,11424866,11424867,11424886
660,11154,10,916,0,1,1,31,0,30893,650,136.952880,-2.881539,0.034602,0.000000,0.000000,0.000000,-0.020874,-0.066772,1.007690,-1.162056,-3.686389,0.000000000,-0.000000000,0.000000000,-0.000000000,0.000000000,-0.000000000,11434846,11434848,11434849,11434851,11434852,11434865,11434866,11434885
675,11164,10,917,0,1,1,31,0,30893,650,136.952880,-2.881539,0.034790,0.000000,0.000000,0.000000,-0.020264,-0.064819,1.008423,-1.158943,-3.695599,0.000000000,-0.000000000,0.000000000,-0.000000000,0.000000000,-0.000000000,11444847,11444850,11444851,11444853,11444853,11444866,11444867,11444886
691,11174,10,918,0,1,1,31,0,30893,650,136.952880,-2.881539,0.034770,0.000000,0.000000,0.000000,-0.020508,-0.065308,1.008545,-1.155797,-3.694644,0.000000000,-0.000000000,0.000000000,-0.000000000,0.000000000,-0.000000000,11454847,11454850,11454851,11454853,11454854,11454867,11454867,11454886
691,11184,10,919,0,1,1,31,0,30893,650,136.952880,-2.881539,0.034756,0.000000,0.000000,0.000000,-0.021118,-0.065430,1.008057,-1.163841,-3.693917,0.000000000,-0.000000000,0.000000000,-0.000000000,0.000000000,-0.000000000,11464845,11464848,11464849,11464851,11464852,11464865,11464866,11464884
707,11194,10,920,0,1,1,31,0,30893,650,136.952880,-2.881539,0.034735,0.000000,0.000000,0.000000,-0.021118,-0.065918,1.009521,-1.167983,-3.692893,0.000000000,-0.000000000,0.000000000,-0.000000000,0.000000000,-0.000000000,11474847,11474850,11474851,11474853,11474854,11474867,11474868,11474887
707,11204,10,921,0,1,1,31,0,30893,650,136.952880,-2.881539,0.034941,0.000000,0.000000,0.000000,-0.021484,-0.066406,1.008057,-1.175350,-3.702924,0.000000000,-0.000000000,0.000000000,-0.000000000,0.000000000,-0.000000000,11484848,11484850,11484851,11484853,11484854,11484868,11484868,11484887
722,11214,10,922,0,1,1,31,0,30893,650,136.952880,-2.881539,0.034784,0.000000,0.000000,0.000000,-0.020752,-0.065186,1.007324,-1.181293,-3.695353,0.000000000,-0.000000000,0.000000000,-0.000000000,0.000000000,-0.000000000,11494851,11494854,11494854,11494857,11494857,11494872,11494873,11494892
737,11224,10,923,0,1,1,31,0,30893,650,136.952880,-2.881539,0.034807,0.000000,0.000000,0.000000,-0.022339,-0.065430,1.009033,-1.191023,-3.696497,0.000000000,-0.000000000,0.000000000,-0.000000000,0.000000000,-0.000000000,11504849,11504852,11504853,11504855,11504856,11504869,11504870,11504889
737,11234,10,924,0,1,1,31,0,30893,650,136.952880,-2.881539,0.034830,0.000000,0.000000,0.000000,-0.020020,-0.066406,1.008057,-1.179998,-3.697589,0.000000000,-0.000000000,0.000000000,-0.000000000,0.000000000,-0.000000000,11514849,11514852,11514852,11514855,11514855,11514869,11514870,11514889
753,11244,10,925,0,1,1,31,0,30893,650,136.952880,-2.881539,0.034584,0.000000,0.000000,0.000000,-0.021118,-0.063965,1.009521,-1.176873,-3.685655,0.000000000,-0.000000000,0.000000000,-0.000000000,0.000000000,-0.000000000,11524845,11524848,11524849,11524852,11524852,11524865,11524866,11524885
768,11254,10,926,0,1,1,31,0,30893,650,136.952880,-2.881539,0.034288,0.000000,0.000000,0.000000,-0.021484,-0.063232,1.008545,-1.175645,-3.671289,0.000000000,-0.000000000,0.000000000,-0.000000000,0.000000000,-0.000000000,11534847,11534850,11534851,11534854,11534854,11534868,11534868,11534887
768,11264,10,927,0,1,1,31,0,30893,650,136.952880,-2.881539,0.034295,0.000000,0.000000,0.000000,-0.020508,-0.065918,1.008423,-1.172634,-3.671631,0.000000000,-0.000000000,0.000000000,-0.000000000,0.000000000,-0.000000000,11544848,11544850,11544851,11544853,11544854,11544867,11544868,11544887
784,11274,10,928,0,1,1,31,0,30893,650,136.952880,-2.881539,0.034221,0.000000,0.000000,0.000000,-0.022583,-0.065308,1.010010,-1.175886,-3.668011,0.000000000,-0.000000000,0.000000000,-0.000000000,0.000000000,-0.000000000,11554846,11554849,11554850,11554852,11554853,11554866,11554866,11554885
799,11284,10,929,0,1,1,31,0,30893,650,136.952880,-2.881539,0.034374,0.000000,0.000000,0.000000,-0.021729,-0.066040,1.008789,-1.182742,-3.675418,0.000000000,-0.000000000,0.000000000,-0.000000000,0.000000000,-0.000000000,11564848,11564851,11564851,11564854,11564854,11564867,11564868,11564887
799,11294,10,930,0,1,1,31,0,30893,650,136.952880,-2.881539,0.034513,0.000000,0.000000,0.000000,-0.020508,-0.065796,1.009277,-1.178835,-3.682122,0.000000000,-0.000000000,0.000000000,-0.000000000,0.000000000,-0.000000000,11574847,11574850,11574850,11574853,11574853,11574866,11574867,11574886
815,11304,10,931,0,1,1,31,0,30893,650,136.952880,-2.881539,0.034366,0.000000,0.000000,0.000000,-0.021362,-0.064331,1.007568,-1.180900,-3.675030,0.000000000,-0.000000000,0.000000000,-0.000000000,0.000000000,-0.000000000,11584845,11584848,11584849,11584851,11584852,11584864,11584865,11584884
830,11314,10,932,0,1,1,31,0,30893,650,136.952880,-2.881539,0.034242,0.000000,0.000000,0.000000,-0.020874,-0.065063,1.009399,-1.175842,-3.668988,0.000000000,-0.000000000,0.000000000,-0.000000000,0.000000000,-0.000000000,11594847,11594850,11594851,11594853,11594854,11594867,11594867,11594887
830,11324,10,933,0,1,1,31,0,30893,650,136.952880,-2.881539,0.034016,0.000000,0.000000,0.000000,-0.020874,-0.064087,1.008057,-1.174097,-3.658013,0.000000000,-0.000000000,0.000000000,-0.000000000,0.000000000,-0.000000000,11604848,11604851,11604852,11604854,11604854,11604868,11604868,11604888
861,11334,10,934,0,1,1,31,0,30893,650,136.952880,-2.881539,0.033922,0.000000,0.000000,0.000000,-0.019775,-0.064453,1.009155,-1.163057,-3.653414,0.000000000,-0.000000000,0.000000000,-0.000000000,0.000000000,-0.000000000,11614845,11614848,11614849,11614851,11614851,11614864,11614865,11614884
861,11344,10,935,0,1,1,31,0,30893,650,136.952880,-2.881539,0.034077,0.000000,0.000000,0.000000,-0.020508,-0.066162,1.009399,-1.162489,-3.661044,0.000000000,-0.000000000,0.000000000,-0.000000000,0.000000000,-0.000000000,11624849,11624851,11624852,11624855,11624855,11624868,11624869,11624888
861,11354,10,936,0,1,1,31,0,30893,650,136.952880,-2.881539,0.033774,0.000000,0.000000,0.000000,-0.020752,-0.064575,1.009888,-1.159607,-3.646124,0.000000000,-0.000000000,0.000000000,-0.000000000,0.000000000,-0.000000000,11634848,11634850,11634851,11634853,11634854,11634867,11634868,11634886
876,11364,10,937,0,1,1,31,0,30893,650,136.952880,-2.881539,0.033917,0.000000,0.000000,0.000000,-0.019409,-0.066162,1.008911,-1.148017,-3.653226,0.000000000,-0.000000000,0.000000000,-0.000000000,0.000000000,-0.000000000,11644846,11644848,11644849,11644851,11644852,11644865,11644866,11644885
908,11374,10,938,0,1,1,31,0,30893,650,136.952880,-2.881539,0.034184,0.000000,0.000000,0.000000,-0.022583,-0.066406,1.009155,-1.161753,-3.666422,0.000000000,-0.000000000,0.000000000,-0.000000000,0.000000000,-0.000000000,11654848,11654851,11654852,11654854,11654855,11654868,11654868,11654887
908,11384,10,939,0,1,1,31,0,30893,650,136.952880,-2.881539,0.034184,0.000000,0.000000,0.000000,-0.021973,-0.064941,1.011108,-1.174318,-3.666445,0.000000000,-0.000000000,0.000000000,-0.000000000,0.000000000,-0.000000000,11664848,11664851,11664851,11664854,11664855,11664867,11664868,11664887
908,11394,10,940,0,1,1,31,0,30893,650,136.952880,-2.881539,0.034351,0.000000,0.000000,0.000000,-0.021484,-0.066528,1.008179,-1.178010,-3.674563,0.000000000,-0.000000000,0.000000000,-0.000000000,0.000000000,-0.000000000,11674845,11674848,11674849,11674851,11674852,11674865,11674865,11674884
908,11404,10,941,0,1,1,31,0,30893,650,136.952880,-2.881539,0.034309,0.000000,0.000000,0.000000,-0.021606,-0.064819,1.008179,-1.185859,-3.672533,0.000000000,-0.000000000,0.000000000,-0.000000000,0.000000000,-0.000000000,11684848,11684851,11684851,11684854,11684855,11684868,11684869,11684888
923,11414,10,942,0,1,1,31,0,30893,650,136.952880,-2.881539,0.034431,0.000000,0.000000,0.000000,-0.021973,-0.065308,1.009277,-1.192270,-3.678380,0.000000000,-0.000000000,0.000000000,-0.000000000,0.000000000,-0.000000000,11694853,11694856,11694856,11694859,11694859,11694874,11694875,11694894
955,11424,10,943,0,1,1,31,0,30893,650,136.952880,-2.881539,0.034382,0.000000,0.000000,0.000000,-0.021484,-0.064697,1.009399,-1.192793,-3.676061,0.000000000,-0.000000000,0.000000000,-0.000000000,0.000000000,-0.000000000,11704848,11704851,11704851,11704853,11704854,11704868,11704869,11704888
955,11434,10,944,0,1,1,31,0,30893,650,136.952880,-2.881539,0.034432,0.000000,0.000000,0.000000,-0.021362,-0.064697,1.008057,-1.201983,-3.678462,0.000000000,-0.000000000,0.000000000,-0.000000000,0.000000000,-0.000000000,11714850,11714853,11714854,11714856,11714857,11714870,11714871,11714890
955,11444,10,945,0,1,1,31,0,30893,650,136.952880,-2.881539,0.034426,0.000000,0.000000,0.000000,-0.021118,-0.065063,1.009033,-1.199591,-3.678169,0.000000000,-0.000000000,0.000000000,-0.000000000,0.000000000,-0.000000000,11724848,11724851,11724852,11724854,11724855,11724868,11724868,11724887
970,11454,10,946,0,1,1,31,0,30893,650,136.952880,-2.881539,0.034251,0.000000,0.000000,0.000000,-0.021851,-0.064697,1.009521,-1.206375,-3.669869,0.000000000,-0.000000000,0.000000000,-0.000000000,0.000000000,-0.000000000,11734846,11734848,11734849,11734851,11734852,11734865,11734866,11734885
970,11464,10,947,0,1,1,31,0,30893,650,136.952880,-2.881539,0.034237,0.000000,0.000000,0.000000,-0.021362,-0.064575,1.009521,-1.206747,-3.669201,0.000000000,-0.000000000,0.000000000,-0.000000000,0.000000000,-0.000000000,11744848,11744851,11744852,11744854,11744854,11744867,11744868,11744887
986,11474,10,948,0,1,1,31,0,30893,650,136.952880,-2.881539,0.034350,0.000000,0.000000,0.000000,-0.020020,-0.065674,1.009155,-1.202649,-3.674513,0.000000000,-0.000000000,0.000000000,-0.000000000,0.000000000,-0.000000000,11754848,11754851,11754851,11754854,11754854,11754867,11754868,11754887
986,11484,10,949,0,1,1,31,0,30893,650,136.952880,-2.881539,0.034250,0.000000,0.000000,0.000000,-0.021484,-0.063477,1.009521,-1.199698,-3.669752,0.000000000,-0.000000000,0.000000000,-0.000000000,0.000000000,-0.000000000,11764846,11764848,11764849,11764851,11764852,11764865,11764866,11764885
1001,11494,10,950,0,1,1,31,0,30893,650,136.952880,-2.881539,0.034109,0.000000,0.000000,0.000000,-0.020752,-0.064941,1.008911,-1.194735,-3.663066,0.000000000,-0.000000000,0.000000000,-0.000000000,0.000000000,-0.000000000,11774849,11774852,11774852,11774855,11774855,11774868,11774869,11774888
1017,11504,10,951,0,1,1,31,0,30893,650,136.952880,-2.881539,0.033864,0.000000,0.000000,0.000000,-0.020874,-0.064453,1.008911,-1.190740,-3.651297,0.000000000,-0.000000000,0.000000000,-0.000000000,0.000000000,-0.000000000,11784848,11784851,11784851,11784854,11784854,11784867,11784868,11784887
1017,11514,10,952,0,1,1,31,0,30893,650,136.952880,-2.881539,0.034025,0.000000,0.000000,0.000000,-0.020752,-0.065674,1.008179,-1.184546,-3.659081,0.000000000,-0.000000000,0.000000000,-0.000000000,0.000000000,-0.000000000,11794846,11794848,11794849,11794851,11794852,11794865,11794866,11794885
1033,11524,10,953,0,1,1,31,0,30893,650,136.952880,-2.881539,0.034114,0.000000,0.000000,0.000000,-0.020264,-0.065796,1.009888,-1.175140,-3.663379,0.000000000,-0.000000000,0.000000000,-0.000000000,0.000000000,-0.000000000,11804849,11804852,11804853,11804855,11804855,11804868,11804869,11804888
1050,11534,10,954,0,1,1,31,0,30893,650,136.952880,-2.881539,0.034039,0.000000,0.000000,0.000000,-0.019409,-0.064087,1.008667,-1.158279,-3.659674,0.000000000,-0.000000000,0.000000000,-0.000000000,0.000000000,-0.000000000,11814848,11814851,11814852,11814854,11814854,11814867,11814868,11814887
1050,11544,10,955,0,1,1,31,0,30893,650,136.952880,-2.881539,0.033972,0.000000,0.000000,0.000000,-0.020142,-0.064575,1.008301,-1.154571,-3.656362,0.000000000,-0.000000000,0.000000000,-0.000000000,0.000000000,-0.000000000,11824846,11824848,11824849,11824851,11824852,11824865,11824865,11824885
1065,11554,10,956,0,1,1,31,0,30893,650,136.952880,-2.881539,0.034082,0.000000,0.000000,0.000000,-0.022095,-0.064941,1.009277,-1.160837,-3.661821,0.000000000,-0.000000000,0.000000000,-0.000000000,0.000000000,-0.000000000,11834847,11834850,11834851,11834853,11834854,11834867,11834868,11834887
1081,11564,10,957,0,1,1,31,0,30893,650,136.952880,-2.881539,0.034102,0.000000,0.000000,0.000000,-0.021240,-0.065308,1.007935,-1.166389,-3.662789,0.000000000,-0.000000000,0.000000000,-0.000000000,0.000000000,-0.000000000,11844849,11844852,11844852,11844854,11844855,11844868,11844868,11844887
1081,11574,10,958,0,1,1,31,0,30893,650,136.952880,-2.881539,0.034191,0.000000,0.000000,0.000000,-0.020752,-0.065796,1.008301,-1.172634,-3.667122,0.000000000,-0.000000000,0.000000000,-0.000000000,0.000000000,-0.000000000,11854846,11854849,11854850,11854852,11854853,11854866,11854867,11854885
1097,11584,10,959,0,1,1,31,0,30893,650,136.952880,-2.881539,0.034260,0.000000,0.000000,0.000000,-0.020874,-0.065674,1.008179,-1.172068,-3.670503,0.000000000,-0.000000000,0.000000000,-0.000000000,0.000000000,-0.000000000,11864848,11864851,11864852,11864854,11864855,11864868,11864869,11864887
1097,11594,10,960,0,1,1,31,0,30893,650,136.952880,-2.881539,0.034368,0.000000,0.000000,0.000000,-0.020508,-0.065063,1.007690,-1.169126,-3.675779,0.000000000,-0.000000000,0.000000000,-0.000000000,0.000000000,-0.000000000,11874848,11874851,11874852,11874854,11874854,11874867,11874868,11874887
1112,11604,10,961,0,1,1,31,0,30893,650,136.952880,-2.881539,0.034122,0.000000,0.000000,0.000000,-0.020630,-0.063721,1.009644,-1.166597,-3.663718,0.000000000,-0.000000000,0.000000000,-0.000000000,0.000000000,-0.000000000,11884847,11884850,11884850,11884853,11884853,11884866,11884867,11884886
1128,11614,10,962,0,1,1,31,0,30893,650,136.952880,-2.881539,0.033981,0.000000,0.000000,0.000000,-0.021362,-0.064331,1.008789,-1.169955,-3.656840,0.000000000,-0.000000000,0.000000000,-0.000000000,0.000000000,-0.000000000,11894853,11894856,11894857,11894859,11894860,11894875,11894876,11894895
1128,11624,10,963,0,1,1,31,0,30893,650,136.952880,-2.881539,0.033982,0.000000,0.000000,0.000000,-0.021118,-0.064697,1.007690,-1.173374,-3.656892,0.000000000,-0.000000000,0.000000000,-0.000000000,0.000000000,-0.000000000,11904850,11904853,11904854,11904856,11904857,11904870,11904871,11904890
1143,11634,10,964,0,1,1,31,0,30893,650,136.952880,-2.881539,0.033899,0.000000,0.000000,0.000000,-0.020752,-0.064697,1.008545,-1.178812,-3.652877,0.000000000,-0.000000000,0.000000000,-0.000000000,0.000000000,-0.000000000,11914846,11914849,11914850,11914853,11914853,11914866,11914867,11914886
1158,11644,10,965,0,1,1,31,0,30893,650,136.952880,-2.881539,0.033876,0.000000,0.000000,0.000000,-0.022705,-0.064697,1.008789,-1.190158,-3.651735,0.000000000,-0.000000000,0.000000000,-0.000000000,0.000000000,-0.000000000,11924849,11924852,11924853,11924855,11924856,11924869,11924869,11924889
1158,11654,10,966,0,1,1,31,0,30893,650,136.952880,-2.881539,0.033823,0.000000,0.000000,0.000000,-0.021729,-0.064697,1.009033,-1.197469,-3.649198,0.000000000,-0.000000000,0.000000000,-0.000000000,0.000000000,-0.000000000,11934848,11934851,11934852,11934854,11934855,11934868,11934869,11934888
1174,11664,10,967,0,1,1,31,0,30893,650,136.952880,-2.881539,0.034101,0.000000,0.000000,0.000000,-0.021851,-0.066040,1.008911,-1.202639,-3.662456,0.000000000,-0.000000000,0.000000000,-0.000000000,0.000000000,-0.000000000,11944847,11944850,11944851,11944853,11944853,11944866,11944867,11944886
1190,11674,10,968,0,1,1,31,0,30893,650,136.952880,-2.881539,0.033969,0.000000,0.000000,0.000000,-0.021606,-0.064209,1.008911,-1.198188,-3.656144,0.000000000,-0.000000000,0.000000000,-0.000000000,0.000000000,-0.000000000,11954848,11954851,11954852,11954854,11954855,11954868,11954869,11954888
1190,11684,10,969,0,1,1,31,0,30893,650,136.952880,-2.881539,0.033882,0.000000,0.000000,0.000000,-0.023071,-0.064575,1.007690,-1.208483,-3.652006,0.000000000,-0.000000000,0.000000000,-0.000000000,0.000000000,-0.000000000,11964848,11964851,11964851,11964854,11964854,11964867,11964868,11964887
1206,11694,10,970,0,1,1,31,0,30893,650,136.952880,-2.881539,0.033725,0.000000,0.000000,0.000000,-0.020996,-0.063721,1.009033,-1.206707,-3.644606,0.000000000,-0.000000000,0.000000000,-0.000000000,0.000000000,-0.000000000,11974846,11974849,11974850,11974852,11974853,11974866,11974866,11974885
1221,11704,10,971,0,1,1,31,0,30893,650,136.952880,-2.881539,0.033684,0.000000,0.000000,0.000000,-0.020874,-0.065063,1.009277,-1.201820,-3.642642,0.000000000,-0.000000000,0.000000000,-0.000000000,0.000000000,-0.000000000,11984849,11984851,11984852,11984854,11984855,11984868,11984869,11984887
1221,11714,10,972,0,1,1,31,0,30893,650,136.952880,-2.881539,0.033817,0.000000,0.000000,0.000000,-0.020020,-0.065430,1.009277,-1.194948,-3.648986,0.000000000,-0.000000000,0.000000000,-0.000000000,0.000000000,-0.000000000,11994848,11994851,11994852,11994854,11994855,11994868,11994869,11994888
1237,11724,10,973,0,1,1,31,0,30893,650,136.952880,-2.881539,0.033777,0.000000,0.000000,0.000000,-0.020752,-0.063965,1.008179,-1.190946,-3.647049,0.000000000,-0.000000000,0.000000000,-0.000000000,0.000000000,-0.000000000,12004846,12004849,12004850,12004852,12004852,12004865,12004866,12004885
1237,11734,10,974,0,1,1,31,0,30893,650,136.952880,-2.881539,0.033764,0.000000,0.000000,0.000000,-0.020996,-0.064575,1.009399,-1.181495,-3.646412,0.000000000,-0.000000000,0.000000000,-0.000000000,0.000000000,-0.000000000,12014848,12014851,12014852,12014854,12014855,12014868,12014869,12014888
1252,11744,10,975,0,1,1,31,0,30893,650,136.952880,-2.881539,0.033768,0.000000,0.000000,0.000000,-0.020386,-0.065063,1.009277,-1.180077,-3.646645,0.000000000,-0.000000000,0.000000000,-0.000000000,0.000000000,-0.000000000,12024849,12024851,12024852,12024855,12024855,12024868,12024869,12024888
1267,11754,10,976,0,1,1,31,0,30893,650,136.952880,-2.881539,0.034042,0.000000,0.000000,0.000000,-0.021240,-0.066528,1.009155,-1.179831,-3.659911,0.000000000,-0.000000000,0.000000000,-0.000000000,0.000000000,-0.000000000,12034846,12034849,12034849,12034851,12034852,12034865,12034866,12034885
1267,11764,10,977,0,1,1,31,0,30893,650,136.952880,-2.881539,0.034111,0.000000,0.000000,0.000000,-0.020386,-0.064697,1.009521,-1.172469,-3.663256,0.000000000,-0.000000000,0.000000000,-0.000000000,0.000000000,-0.000000000,12044848,12044851,12044852,12044854,12044855,12044868,12044869,12044888
1318,11774,10,978,0,1,1,31,0,30893,650,136.952880,-2.881539,0.034114,0.000000,0.000000,0.000000,-0.020386,-0.065063,1.008545,-1.171452,-3.663388,0.000000000,-0.000000000,0.000000000,-0.000000000,0.000000000,-0.000000000,12054848,12054851,12054852,12054854,12054854,12054867,12054868,12054887
1318,11784,10,979,0,1,1,31,0,30893,650,136.952880,-2.881539,0.033978,0.000000,0.000000,0.000000,-0.019775,-0.064087,1.008057,-1.160926,-3.656741,0.000000000,-0.000000000,0.000000000,-0.000000000,0.000000000,-0.000000000,12064847,12064849,12064850,12064853,12064853,12064866,12064867,12064886
1318,11794,10,980,0,1,1,31,0,30893,650,136.952880,-2.881539,0.034029,0.000000,0.000000,0.000000,-0.020630,-0.064697,1.008911,-1.161550,-3.659226,0.000000000,-0.000000000,0.000000000,-0.000000000,0.000000000,-0.000000000,12074849,12074851,12074852,12074854,12074855,12074868,12074869,12074887
1318,11804,10,981,0,1,1,31,0,30893,650,136.952880,-2.881539,0.034135,0.000000,0.000000,0.000000,-0.020508,-0.066406,1.009277,-1.156262,-3.664481,0.000000000,-0.000000000,0.000000000,-0.000000000,0.000000000,-0.000000000,12084849,12084852,12084853,12084855,12084855,12084869,12084870,12084888
1318,11814,10,982,0,1,1,31,0,30893,650,136.952880,-2.881539,0.034175,0.000000,0.000000,0.000000,-0.020508,-0.064819,1.008179,-1.159408,-3.666435,0.000000000,-0.000000000,0.000000000,-0.000000000,0.000000000,-0.000000000,12094851,12094854,12094855,12094857,12094858,12094873,12094874,12094893
1344,11824,10,983,0,1,1,31,0,30893,650,136.952880,-2.881539,0.034327,0.000000,0.000000,0.000000,-0.021606,-0.065063,1.010010,-1.169374,-3.673932,0.000000000,-0.000000000,0.000000000,-0.000000000,0.000000000,-0.000000000,12104851,12104854,12104854,12104857,12104857,12104871,12104872,12104891
1344,11834,10,984,0,1,1,31,0,30893,650,136.952880,-2.881539,0.034103,0.000000,0.000000,0.000000,-0.021851,-0.063965,1.009277,-1.179518,-3.663047,0.000000000,-0.000000000,0.000000000,-0.000000000,0.000000000,-0.000000000,12114850,12114853,12114854,12114856,12114856,12114869,12114870,12114889
1361,11844,10,985,0,1,1,31,0,30893,650,136.952880,-2.881539,0.034027,0.000000,0.000000,0.000000,-0.020630,-0.064331,1.008423,-1.173024,-3.659320,0.000000000,-0.000000000,0.000000000,-0.000000000,0.000000000,-0.000000000,12124847,12124850,12124851,12124853,12124854,12124867,12124867,12124886
1361,11854,10,986,0,1,1,31,0,30893,650,136.952880,-2.881539,0.033935,0.000000,0.000000,0.000000,-0.020996,-0.064453,1.008423,-1.177326,-3.654881,0.000000000,-0.000000000,0.000000000,-0.000000000,0.000000000,-0.000000000,12134849,12134852,12134853,12134855,12134856,12134869,12134870,12134889
1391,11864,10,987,0,1,1,31,0,30893,650,136.952880,-2.881539,0.033717,0.000000,0.000000,0.000000,-0.021240,-0.063965,1.010498,-1.176858,-3.644283,0.000000000,-0.000000000,0.000000000,-0.000000000,0.000000000,-0.000000000,12144848,12144851,12144852,12144854,12144855,12144868,12144869,12144887
1391,11874,10,988,0,1,1,31,0,30893,650,136.952880,-2.881539,0.033686,0.000000,0.000000,0.000000,-0.020630,-0.064697,1.010620,-1.175533,-3.642764,0.000000000,-0.000000000,0.000000000,-0.000000000,0.000000000,-0.000000000,12154846,12154849,12154850,12154852,12154853,12154866,12154866,12154885
1391,11884,10,989,0,1,1,31,0,30893,650,136.952880,-2.881539,0.033605,0.000000,0.000000,0.000000,-0.020020,-0.064819,1.009277,-1.165409,-3.638842,0.000000000,-0.000000000,0.000000000,-0.000000000,0.000000000,-0.000000000,12164849,12164852,12164852,12164855,12164855,12164868,12164869,12164888
1423,11894,10,990,0,1,1,31,0,30893,650,136.952880,-2.881539,0.033836,0.000000,0.000000,0.000000,-0.021851,-0.065063,1.008911,-1.177087,-3.650105,0.000000000,-0.000000000,0.000000000,-0.000000000,0.000000000,-0.000000000,12174848,12174851,12174852,12174854,12174855,12174868,12174869,12174888
1423,11904,10,991,0,1,1,31,0,30893,650,136.952880,-2.881539,0.033677,0.000000,0.000000,0.000000,-0.021118,-0.064209,1.008667,-1.179754,-3.642411,0.000000000,-0.000000000,0.000000000,-0.000000000,0.000000000,-0.000000000,12184847,12184850,12184851,12184853,12184854,12184867,12184868,12184887
1423,11914,10,992,0,1,1,31,0,30893,650,136.952880,-2.881539,0.033734,0.000000,0.000000,0.000000,-0.020386,-0.065430,1.009277,-1.173543,-3.645204,0.000000000,-0.000000000,0.000000000,-0.000000000,0.000000000,-0.000000000,12194849,12194852,12194853,12194855,12194856,12194869,12194870,12194889
1453,11924,10,993,0,1,1,31,0,30893,650,136.952880,-2.881539,0.033868,0.000000,0.000000,0.000000,-0.021729,-0.066040,1.009155,-1.177495,-3.651718,0.000000000,-0.000000000,0.000000000,-0.000000000,0.000000000,-0.000000000,12204848,12204851,12204852,12204854,12204855,12204867,12204868,12204887
1453,11934,10,994,0,1,1,31,0,30893,650,136.952880,-2.881539,0.033723,0.000000,0.000000,0.000000,-0.021973,-0.064209,1.007202,-1.187453,-3.644707,0.000000000,-0.000000000,0.000000000,-0.000000000,0.000000000,-0.000000000,12214846,12214849,12214850,12214852,12214853,12214866,12214866,12214885
1453,11944,10,995,0,1,1,31,0,30893,650,136.952880,-2.881539,0.033662,0.000000,0.000000,0.000000,-0.020752,-0.064087,1.009033,-1.188142,-3.641743,0.000000000,-0.000000000,0.000000000,-0.000000000,0.000000000,-0.000000000,12224849,12224852,12224853,12224855,12224856,12224869,12224870,12224889
1469,11954,10,996,0,1,1,31,0,30893,650,136.952880,-2.881539,0.033600,0.000000,0.000000,0.000000,-0.020996,-0.064331,1.008179,-1.185953,-3.638773,0.000000000,-0.000000000,0.000000000,-0.000000000,0.000000000,-0.000000000,12234849,12234852,12234852,12234854,12234855,12234868,12234869,12234888
1469,11964,10,997,0,1,1,31,0,30893,650,136.952880,-2.881539,0.033293,0.000000,0.000000,0.000000,-0.019897,-0.062378,1.009277,-1.181052,-3.623967,0.000000000,-0.000000000,0.000000000,-0.000000000,0.000000000,-0.000000000,12244847,12244850,12244851,12244853,12244853,12244866,12244867,12244886
1485,11974,10,998,0,1,1,31,0,30893,650,136.952880,-2.881539,0.033441,0.000000,0.000000,0.000000,-0.020020,-0.065918,1.009033,-1.171631,-3.631182,0.000000000,-0.000000000,0.000000000,-0.000000000,0.000000000,-0.000000000,12254849,12254852,12254853,12254855,12254856,12254869,12254870,12254888
1501,11984,10,999,0,1,1,31,0,30893,650,136.952880,-2.881539,0.033530,0.000000,0.000000,0.000000,-0.021118,-0.064697,1.008057,-1.167355,-3.635529,0.000000000,-0.000000000,0.000000000,-0.000000000,0.000000000,-0.000000000,12264849,12264852,12264852,12264855,12264855,12264868,12264869,12264888
1501,11994,10,1000,0,1,1,31,0,30893,650,136.952880,-2.881539,0.033852,0.000000,0.000000,0.000000,-0.020630,-0.066406,1.008057,-1.166937,-3.651297,0.000000000,-0.000000000,0.000000000,-0.000000000,0.000000000,-0.000000000,12274846,12274849,12274850,12274852,12274853,12274865,12274866,12274884
1519,12004,10,1001,0,1,1,31,0,30893,650,136.952880,-2.881539,0.034023,0.000000,0.000000,0.000000,-0.021484,-0.064331,1.008423,-1.175407,-3.659664,0.000000000,-0.000000000,0.000000000,-0.000000000,0.000000000,-0.000000000,12284850,12284853,12284853,12284855,12284856,12284869,12284870,12284889
1519,12014,10,1002,0,1,1,31,0,30893,650,136.952880,-2.881539,0.034055,0.000000,0.000000,0.000000,-0.020874,-0.065552,1.009521,-1.171303,-3.661217,0.000000000,-0.000000000,0.000000000,-0.000000000,0.000000000,-0.000000000,12294854,12294857,12294858,12294860,12294861,12294876,12294877,12294896
1547,12024,10,1003,0,1,1,31,0,30893,650,136.952880,-2.881539,0.033905,0.000000,0.000000,0.000000,-0.019897,-0.063354,1.010498,-1.166878,-3.653873,0.000000000,-0.000000000,0.000000000,-0.000000000,0.000000000,-0.000000000,12304849,12304851,12304852,12304855,12304855,12304868,12304869,12304888
1547,12034,10,1004,0,1,1,31,0,30893,650,136.952880,-2.881539,0.033638,0.000000,0.000000,0.000000,-0.019409,-0.063843,1.008789,-1.165924,-3.640868,0.000000000,-0.000000000,0.000000000,-0.000000000,0.000000000,-0.000000000,12314850,12314852,12314853,12314855,12314856,12314869,12314870,12314888
1547,12044,10,1005,0,1,1,31,0,30893,650,136.952880,-2.881539,0.033654,0.000000,0.000000,0.000000,-0.022217,-0.065308,1.009766,-1.166342,-3.641654,0.000000000,-0.000000000,0.000000000,-0.000000000,0.000000000,-0.000000000,12324849,12324852,12324853,12324855,12324856,12324869,12324870,12324889
1563,12054,10,1006,0,1,1,31,0,30893,650,136.952880,-2.881539,0.033566,0.000000,0.000000,0.000000,-0.019287,-0.063599,1.009277,-1.155780,-3.637288,0.000000000,-0.000000000,0.000000000,-0.000000000,0.000000000,-0.000000000,12334847,12334849,12334850,12334853,12334853,12334866,12334867,12334885
1578,12064,10,1007,0,1,1,31,0,30893,650,136.952880,-2.881539,0.033780,0.000000,0.000000,0.000000,-0.020630,-0.065186,1.009888,-1.162165,-3.647830,0.000000000,-0.000000000,0.000000000,-0.000000000,0.000000000,-0.000000000,12344850,12344852,12344853,12344855,12344856,12344869,12344870,12344889
1578,12074,10,1008,0,1,1,31,0,30893,650,136.952880,-2.881539,0.033844,0.000000,0.000000,0.000000,-0.021362,-0.064575,1.009521,-1.164501,-3.650964,0.000000000,-0.000000000,0.000000000,-0.000000000,0.000000000,-0.000000000,12354850,12354853,12354853,12354856,12354857,12354869,12354870,12354889
1594,12084,10,1009,0,1,1,31,0,30893,650,136.952880,-2.881539,0.033699,0.000000,0.000000,0.000000,-0.020020,-0.063721,1.008789,-1.159733,-3.643851,0.000000000,-0.000000000,0.000000000,-0.000000000,0.000000000,-0.000000000,12364847,12364849,12364850,12364852,12364853,12364866,12364867,12364886
1626,12094,10,1010,0,1,1,31,0,30893,650,136.952880,-2.881539,0.033750,0.000000,0.000000,0.000000,-0.020630,-0.065186,1.009033,-1.162784,-3.646369,0.000000000,-0.000000000,0.000000000,-0.000000000,0.000000000,-0.000000000,12374849,12374852,12374853,12374855,12374855,12374868,12374869,12374888
1626,12104,10,1011,0,1,1,31,0,30893,650,136.952880,-2.881539,0.033732,0.000000,0.000000,0.000000,-0.020874,-0.064331,1.010010,-1.164734,-3.645459,0.000000000,-0.000000000,0.000000000,-0.000000000,0.000000000,-0.000000000,12384849,12384852,12384852,12384855,12384855,12384869,12384869,12384888
1626,12114,10,1012,0,1,1,31,0,30893,650,136.952880,-2.881539,0.033656,0.000000,0.000000,0.000000,-0.022095,-0.064453,1.008789,-1.171559,-3.641754,0.000000000,-0.000000000,0.000000000,-0.000000000,0.000000000,-0.000000000,12394847,12394850,12394851,12394853,12394854,12394867,12394868,12394886
1641,12124,10,1013,0,1,1,31,0,30893,650,136.952880,-2.881539,0.033697,0.000000,0.000000,0.000000,-0.021729,-0.065918,1.008545,-1.181692,-3.643731,0.000000000,-0.000000000,0.000000000,-0.000000000,0.000000000,-0.000000000,12404850,12404853,12404853,12404856,12404856,12404869,12404870,12404889
1641,12134,10,1014,0,1,1,31,0,30893,650,136.952880,-2.881539,0.034086,0.000000,0.000000,0.000000,-0.020630,-0.066284,1.008667,-1.182011,-3.662484,0.000000000,-0.000000000,0.000000000,-0.000000000,0.000000000,-0.000000000,12414849,12414852,12414853,12414856,12414856,12414869,12414870,12414889
1657,12144,10,1015,0,1,1,31,0,30893,650,136.952880,-2.881539,0.034279,0.000000,0.000000,0.000000,-0.020630,-0.065674,1.009155,-1.172197,-3.671886,0.000000000,-0.000000000,0.000000000,-0.000000000,0.000000000,-0.000000000,12424847,12424849,12424850,12424853,12424853,12424866,12424867,12424886
1657,12154,10,1016,0,1,1,31,0,30893,650,136.952880,-2.881539,0.034438,0.000000,0.000000,0.000000,-0.020874,-0.065430,1.007568,-1.171756,-3.679630,0.000000000,-0.000000000,0.000000000,-0.000000000,0.000000000,-0.000000000,12434849,12434852,12434853,12434855,12434856,12434869,12434869,12434888
1688,12164,10,1017,0,1,1,31,0,30893,650,136.952880,-2.881539,0.034358,0.000000,0.000000,0.000000,-0.020752,-0.064575,1.009033,-1.168826,-3.675719,0.000000000,-0.000000000,0.000000000,-0.000000000,0.000000000,-0.000000000,12444849,12444852,12444853,12444855,12444856,12444869,12444870,12444888
1688,12174,10,1018,0,1,1,31,0,30893,650,136.952880,-2.881539,0.034574,0.000000,0.000000,0.000000,-0.021362,-0.066162,1.009155,-1.180780,-3.686204,0.000000000,-0.000000000,0.000000000,-0.000000000,0.000000000,-0.000000000,12454847,12454850,12454851,12454853,12454854,12454867,12454868,12454887
1688,12184,10,1019,0,1,1,31,0,30893,650,136.952880,-2.881539,0.034581,0.000000,0.000000,0.000000,-0.022217,-0.066040,1.008545,-1.184965,-3.686519,0.000000000,-0.000000000,0.000000000,-0.000000000,0.000000000,-0.000000000,12464850,12464853,12464853,12464856,12464856,12464869,12464870,12464889
1704,12194,10,1020,0,1,1,31,0,30893,650,136.952880,-2.881539,0.034643,0.000000,0.000000,0.000000,-0.022217,-0.065674,1.008789,-1.195246,-3.689492,0.000000000,-0.000000000,0.000000000,-0.000000000,0.000000000,-0.000000000,12474849,12474852,12474853,12474855,12474856,12474869,12474869,12474888
1720,12204,10,1021,0,1,1,31,0,30893,650,136.952880,-2.881539,0.034527,0.000000,0.000000,0.000000,-0.019653,-0.065430,1.009644,-1.188891,-3.683993,0.000000000,-0.000000000,0.000000000,-0.000000000,0.000000000,-0.000000000,12484847,12484850,12484851,12484853,12484854,12484867,12484868,12484887
1720,12214,10,1022,0,1,1,31,0,30893,650,136.952880,-2.881539,0.034425,0.000000,0.000000,0.000000,-0.021484,-0.064941,1.009888,-1.191107,-3.679079,0.000000000,-0.000000000,0.000000000,-0.000000000,0.000000000,-0.000000000,12494855,12494858,12494859,12494861,12494862,12494877,12494878,12494897
1735,12224,10,1023,0,1,1,31,0,30893,650,136.952880,-2.881539,0.034181,0.000000,0.000000,0.000000,-0.020508,-0.063843,1.008667,-1.185980,-3.667331,0.000000000,-0.000000000,0.000000000,-0.000000000,0.000000000,-0.000000000,12504851,12504854,12504855,12504857,12504858,12504871,12504872,12504891
1767,12234,10,1024,0,1,1,31,0,30893,650,136.952880,-2.881539,0.034309,0.000000,0.000000,0.000000,-0.021606,-0.067017,1.009888,-1.186488,-3.673516,0.000000000,-0.000000000,0.000000000,-0.000000000,0.000000000,-0.000000000,12514848,12514850,12514851,12514853,12514854,12514867,12514868,12514887
1767,12244,10,1025,0,1,1,31,0,30893,650,136.952880,-2.881539,0.034254,0.000000,0.000000,0.000000,-0.020508,-0.065674,1.008545,-1.186051,-3.670898,0.000000000,-0.000000000,0.000000000,-0.000000000,0.000000000,-0.000000000,12524851,12524854,12524855,12524857,12524858,12524871,12524872,12524891
1767,12254,10,1026,0,1,1,31,0,30893,650,136.952880,-2.881539,0.034284,0.000000,0.000000,0.000000,-0.022339,-0.064941,1.008667,-1.194496,-3.672331,0.000000000,-0.000000000,0.000000000,-0.000000000,0.000000000,-0.000000000,12534850,12534853,12534854,12534856,12534857,12534870,12534871,12534890
1767,12264,10,1027,0,1,1,31,0,30893,650,136.952880,-2.881539,0.034463,0.000000,0.000000,0.000000,-0.020752,-0.066772,1.009155,-1.192731,-3.680873,0.000000000,-0.000000000,0.000000000,-0.000000000,0.000000000,-0.000000000,12544848,12544850,12544851,12544853,12544854,12544867,12544868,12544887
1782,12274,10,1028,0,1,1,31,0,30893,650,136.952880,-2.881539,0.034472,0.000000,0.000000,0.000000,-0.021729,-0.064697,1.008667,-1.196243,-3.681329,0.000000000,-0.000000000,0.000000000,-0.000000000,0.000000000,-0.000000000,12554850,12554852,12554853,12554855,12554856,12554869,12554870,12554889
1814,12284,10,1029,0,1,1,31,0,30893,650,136.952880,-2.881539,0.034384,0.000000,0.000000,0.000000,-0.020020,-0.064209,1.008789,-1.183230,-3.677094,0.000000000,-0.000000000,0.000000000,-0.000000000,0.000000000,-0.000000000,12564850,12564853,12564854,12564856,12564857,12564870,12564871,12564890
1814,12294,10,1030,0,1,1,31,0,30893,650,136.952880,-2.881539,0.034530,0.000000,0.000000,0.000000,-0.021240,-0.066772,1.009521,-1.183021,-3.684119,0.000000000,-0.000000000,0.000000000,-0.000000000,0.000000000,-0.000000000,12574849,12574852,12574853,12574855,12574855,12574868,12574869,12574888
1814,12304,10,1031,0,1,1,31,0,30893,650,136.952880,-2.881539,0.034395,0.000000,0.000000,0.000000,-0.021240,-0.063354,1.008179,-1.188083,-3.677645,0.000000000,-0.000000000,0.000000000,-0.000000000,0.000000000,-0.000000000,12584850,12584853,12584853,12584856,12584856,12584869,12584870,12584889
1844,12314,10,1032,0,1,1,31,0,30893,650,136.952880,-2.881539,0.034185,0.000000,0.000000,0.000000,-0.020386,-0.064331,1.009399,-1.176709,-3.667493,0.000000000,-0.000000000,0.000000000,-0.000000000,0.000000000,-0.000000000,12594850,12594853,12594853,12594855,12594856,12594869,12594870,12594889
1844,12324,10,1033,0,1,1,31,0,30893,650,136.952880,-2.881539,0.034108,0.000000,0.000000,0.000000,-0.020142,-0.064575,1.009399,-1.164789,-3.663705,0.000000000,-0.000000000,0.000000000,-0.000000000,0.000000000,-0.000000000,12604848,12604851,12604851,12604854,12604854,12604867,12604868,12604887
1844,12334,10,1034,0,1,1,31,0,30893,650,136.952880,-2.881539,0.034058,0.000000,0.000000,0.000000,-0.020996,-0.065430,1.009399,-1.166033,-3.661297,0.000000000,-0.000000000,0.000000000,-0.000000000,0.000000000,-0.000000000,12614849,12614852,12614853,12614855,12614856,12614869,12614870,12614888
1860,12344,10,1035,0,1,1,31,0,30893,650,136.952880,-2.881539,0.034019,0.000000,0.000000,0.000000,-0.020996,-0.064209,1.009277,-1.163524,-3.659375,0.000000000,-0.000000000,0.000000000,-0.000000000,0.000000000,-0.000000000,12624850,12624853,12624853,12624856,12624857,12624870,12624870,12624889
1860,12354,10,1036,0,1,1,31,0,30893,650,136.952880,-2.881539,0.033738,0.000000,0.000000,0.000000,-0.019531,-0.063843,1.009644,-1.161416,-3.645585,0.000000000,-0.000000000,0.000000000,-0.000000000,0.000000000,-0.000000000,12634847,12634850,12634851,12634853,12634854,12634866,12634867,12634886
1890,12364,10,1037,0,1,1,31,0,30893,650,136.952880,-2.881539,0.033702,0.000000,0.000000,0.000000,-0.021118,-0.064453,1.009399,-1.150178,-3.643817,0.000000000,-0.000000000,0.000000000,-0.000000000,0.000000000,-0.000000000,12644850,12644853,12644853,12644855,12644856,12644869,12644870,12644888
1890,12374,10,1038,0,1,1,31,0,30893,650,136.952880,-2.881539,0.034046,0.000000,0.000000,0.000000,-0.021484,-0.066040,1.010010,-1.157894,-3.660858,0.000000000,-0.000000000,0.000000000,-0.000000000,0.000000000,-0.000000000,12654849,12654852,12654853,12654855,12654856,12654869,12654870,12654888
1890,12384,10,1039,0,1,1,31,0,30893,650,136.952880,-2.881539,0.033906,0.000000,0.000000,0.000000,-0.021606,-0.063965,1.008423,-1.164061,-3.653969,0.000000000,-0.000000000,0.000000000,-0.000000000,0.000000000,-0.000000000,12664848,12664850,12664851,12664853,12664854,12664867,12664867,12664886
1906,12394,10,1040,0,1,1,31,0,30893,650,136.952880,-2.881539,0.033613,0.000000,0.000000,0.000000,-0.020996,-0.063477,1.009644,-1.172419,-3.639663,0.000000000,-0.000000000,0.000000000,-0.000000000,0.000000000,-0.000000000,12674850,12674853,12674854,12674856,12674856,12674869,12674870,12674889
1906,12404,10,1041,0,1,1,31,0,30893,650,136.952880,-2.881539,0.033837,0.000000,0.000000,0.000000,-0.020630,-0.065796,1.010132,-1.181972,-3.650459,0.000000000,-0.000000000,0.000000000,-0.000000000,0.000000000,-0.000000000,12684851,12684854,12684854,12684857,12684857,12684870,12684871,12684890
1921,12414,10,1042,0,1,1,31,0,30893,650,136.952880,-2.881539,0.034154,0.000000,0.000000,0.000000,-0.020508,-0.066040,1.009399,-1.179816,-3.665788,0.000000000,-0.000000000,0.000000000,-0.000000000,0.000000000,-0.000000000,12694852,12694855,12694856,12694858,12694859,12694874,12694875,12694894
1937,12424,10,1043,0,1,1,31,0,30893,650,136.952880,-2.881539,0.034441,0.000000,0.000000,0.000000,-0.021729,-0.066528,1.008789,-1.190411,-3.679641,0.000000000,-0.000000000,0.000000000,-0.000000000,0.000000000,-0.000000000,12704851,12704854,12704855,12704857,12704858,12704871,12704872,12704891
1937,12434,10,1044,0,1,1,31,0,30893,650,136.952880,-2.881539,0.034574,0.000000,0.000000,0.000000,-0.021606,-0.065918,1.011230,-1.188276,-3.686033,0.000000000,-0.000000000,0.000000000,-0.000000000,0.000000000,-0.000000000,12714850,12714853,12714854,12714856,12714857,12714870,12714871,12714889
1952,12444,10,1045,0,1,1,31,0,30893,650,136.952880,-2.881539,0.034639,0.000000,0.000000,0.000000,-0.020264,-0.064453,1.008179,-1.187452,-3.689126,0.000000000,-0.000000000,0.000000000,-0.000000000,0.000000000,-0.000000000,12724848,12724851,12724852,12724854,12724855,12724868,12724869,12724888
1968,12454,10,1046,0,1,1,31,0,30893,650,136.952880,-2.881539,0.034703,0.000000,0.000000,0.000000,-0.020996,-0.065430,1.008667,-1.185389,-3.692190,0.000000000,-0.000000000,0.000000000,-0.000000000,0.000000000,-0.000000000,12734851,12734854,12734855,12734857,12734857,12734870,12734871,12734890
1968,12464,10,1047,0,1,1,31,0,30893,650,136.952880,-2.881539,0.034748,0.000000,0.000000,0.000000,-0.021606,-0.064697,1.008667,-1.186777,-3.694382,0.000000000,-0.000000000,0.000000000,-0.000000000,0.000000000,-0.000000000,12744850,12744853,12744853,12744856,12744857,12744869,12744870,12744889
1983,12474,10,1048,0,1,1,31,0,30893,650,136.952880,-2.881539,0.034792,0.000000,0.000000,0.000000,-0.020996,-0.066162,1.009033,-1.187565,-3.696517,0.000000000,-0.000000000,0.000000000,-0.000000000,0.000000000,-0.000000000,12754848,12754851,12754851,12754854,12754855,12754867,12754868,12754887
1998,12484,10,1049,0,1,1,31,0,30893,650,136.952880,-2.881539,0.034832,0.000000,0.000000,0.000000,-0.022095,-0.065918,1.008057,-1.189988,-3.698427,0.000000000,-0.000000000,0.000000000,-0.000000000,0.000000000,-0.000000000,12764851,12764853,12764854,12764856,12764857,12764870,12764871,12764889
1998,12494,10,1050,0,1,1,31,0,30893,650,136.952880,-2.881539,0.034738,0.000000,0.000000,0.000000,-0.020996,-0.064819,1.008789,-1.190350,-3.693934,0.000000000,-0.000000000,0.000000000,-0.000000000,0.000000000,-0.000000000,12774850,12774853,12774854,12774856,12774857,12774870,12774870,12774889
2013,12504,10,1051,0,1,1,31,0,30893,650,136.952880,-2.881539,0.034551,0.000000,0.000000,0.000000,-0.021240,-0.065430,1.008789,-1.188513,-3.684911,0.000000000,-0.000000000,0.000000000,-0.000000000,0.000000000,-0.000000000,12784848,12784851,12784851,12784854,12784855,12784867,12784868,12784887
2029,12514,10,1052,0,1,1,31,0,30893,650,136.952880,-2.881539,0.034604,0.000000,0.000000,0.000000,-0.019531,-0.065552,1.008911,-1.177125,-3.687494,0.000000000,-0.000000000,0.000000000,-0.000000000,0.000000000,-0.000000000,12794851,12794853,12794854,12794857,12794857,12794870,12794871,12794890
2029,12524,10,1053,0,1,1,31,0,30893,650,136.952880,-2.881539,0.034499,0.000000,0.000000,0.000000,-0.021851,-0.064453,1.009277,-1.183784,-3.682400,0.000000000,-0.000000000,0.000000000,-0.000000000,0.000000000,-0.000000000,12804850,12804853,12804853,12804855,12804856,12804869,12804870,12804889
2045,12534,10,1054,0,1,1,31,0,30893,650,136.952880,-2.881539,0.034542,0.000000,0.000000,0.000000,-0.020752,-0.065796,1.009033,-1.182824,-3.684505,0.000000000,-0.000000000,0.000000000,-0.000000000,0.000000000,-0.000000000,12814847,12814850,12814851,12814853,12814854,12814867,12814868,12814887
2061,12544,10,1055,0,1,1,31,0,30893,650,136.952880,-2.881539,0.034503,0.000000,0.000000,0.000000,-0.021118,-0.063965,1.008545,-1.178775,-3.682600,0.000000000,-0.000000000,0.000000000,-0.000000000,0.000000000,-0.000000000,12824850,12824853,12824854,12824856,12824857,12824870,12824871,12824890
2061,12554,10,1056,0,1,1,31,0,30893,650,136.952880,-2.881539,0.034478,0.000000,0.000000,0.000000,-0.020874,-0.064575,1.008423,-1.172537,-3.681372,0.000000000,-0.000000000,0.000000000,-0.000000000,0.000000000,-0.000000000,12834850,12834853,12834853,12834856,12834856,12834869,12834870,12834889
2077,12564,10,1057,0,1,1,31,0,30893,650,136.952880,-2.881539,0.034327,0.000000,0.000000,0.000000,-0.020020,-0.064819,1.008179,-1.169142,-3.673985,0.000000000,-0.000000000,0.000000000,-0.000000000,0.000000000,-0.000000000,12844848,12844851,12844852,12844854,12844855,12844868,12844869,12844888
2077,12574,10,1058,0,1,1,31,0,30893,650,136.952880,-2.881539,0.034278,0.000000,0.000000,0.000000,-0.021729,-0.064819,1.008667,-1.170629,-3.671593,0.000000000,-0.000000000,0.000000000,-0.000000000,0.000000000,-0.000000000,12854850,12854853,12854853,12854856,12854856,12854869,12854870,12854889
2092,12584,10,1059,0,1,1,31,0,30893,650,136.952880,-2.881539,0.034406,0.000000,0.000000,0.000000,-0.020142,-0.064941,1.009277,-1.165379,-3.677850,0.000000000,-0.000000000,0.000000000,-0.000000000,0.000000000,-0.000000000,12864850,12864853,12864853,12864856,12864856,12864869,12864870,12864889
2107,12594,10,1060,0,1,1,31,0,30893,650,136.952880,-2.881539,0.034490,0.000000,0.000000,0.000000,-0.020996,-0.065552,1.009888,-1.165163,-3.681964,0.000000000,-0.000000000,0.000000000,-0.000000000,0.000000000,-0.000000000,12874848,12874850,12874851,12874853,12874854,12874867,12874868,12874887
2107,12604,10,1061,0,1,1,31,0,30893,650,136.952880,-2.881539,0.034254,0.000000,0.000000,0.000000,-0.022705,-0.063599,1.009766,-1.168944,-3.670386,0.000000000,-0.000000000,0.000000000,-0.000000000,0.000000000,-0.000000000,12884851,12884853,12884854,12884857,12884857,12884870,12884871,12884890
2123,12614,10,1062,0,1,1,31,0,30893,650,136.952880,-2.881539,0.034205,0.000000,0.000000,0.000000,-0.020142,-0.065308,1.010010,-1.173926,-3.668000,0.000000000,-0.000000000,0.000000000,-0.000000000,0.000000000,-0.000000000,12894856,12894859,12894859,12894862,12894862,12894877,12894878,12894898
2140,12624,10,1063,0,1,1,31,0,30893,650,136.952880,-2.881539,0.034284,0.000000,0.000000,0.000000,-0.021484,-0.064941,1.009766,-1.182817,-3.671839,0.000000000,-0.000000000,0.000000000,-0.000000000,0.000000000,-0.000000000,12904850,12904853,12904853,12904856,12904857,12904870,12904871,12904890
2140,12634,10,1064,0,1,1,31,0,30893,650,136.952880,-2.881539,0.034270,0.000000,0.000000,0.000000,-0.020630,-0.065918,1.009399,-1.178375,-3.671193,0.000000000,-0.000000000,0.000000000,-0.000000000,0.000000000,-0.000000000,12914850,12914853,12914854,12914856,12914857,12914870,12914871,12914889
2154,12644,10,1065,0,1,1,31,0,30893,650,136.952880,-2.881539,0.034213,0.000000,0.000000,0.000000,-0.019165,-0.065308,1.008667,-1.167969,-3.668424,0.000000000,-0.000000000,0.000000000,-0.000000000,0.000000000,-0.000000000,12924850,12924853,12924854,12924856,12924857,12924870,12924871,12924890
2170,12654,10,1066,0,1,1,31,0,30893,650,136.952880,-2.881539,0.034225,0.000000,0.000000,0.000000,-0.022217,-0.065308,1.009155,-1.179923,-3.668992,0.000000000,-0.000000000,0.000000000,-0.000000000,0.000000000,-0.000000000,12934849,12934852,12934852,12934855,12934855,12934868,12934869,12934888
2170,12664,10,1067,0,1,1,31,0,30893,650,136.952880,-2.881539,0.034401,0.000000,0.000000,0.000000,-0.021362,-0.065430,1.008423,-1.187734,-3.677496,0.000000000,-0.000000000,0.000000000,-0.000000000,0.000000000,-0.000000000,12944851,12944854,12944854,12944857,12944857,12944870,12944871,12944890
2186,12674,10,1068,0,1,1,31,0,30893,650,136.952880,-2.881539,0.034230,0.000000,0.000000,0.000000,-0.020386,-0.064697,1.009399,-1.190219,-3.669314,0.000000000,-0.000000000,0.000000000,-0.000000000,0.000000000,-0.000000000,12954850,12954853,12954854,12954856,12954857,12954870,12954871,12954890
2202,12684,10,1069,0,1,1,31,0,30893,650,136.952880,-2.881539,0.034215,0.000000,0.000000,0.000000,-0.020752,-0.065186,1.009399,-1.184655,-3.668570,0.000000000,-0.000000000,0.000000000,-0.000000000,0.000000000,-0.000000000,12964849,12964851,12964852,12964854,12964855,12964868,12964869,12964887
2202,12694,10,1070,0,1,1,31,0,30893,650,136.952880,-2.881539,0.034393,0.000000,0.000000,0.000000,-0.020264,-0.065674,1.009033,-1.176982,-3.677192,0.000000000,-0.000000000,0.000000000,-0.000000000,0.000000000,-0.000000000,12974851,12974854,12974855,12974857,12974858,12974870,12974871,12974890
2217,12704,10,1071,0,1,1,31,0,30893,650,136.952880,-2.881539,0.034562,0.000000,0.000000,0.000000,-0.020996,-0.065674,1.008057,-1.178069,-3.685358,0.000000000,-0.000000000,0.000000000,-0.000000000,0.000000000,-0.000000000,12984851,12984854,12984854,12984857,12984857,12984870,12984871,12984889
2217,12714,10,1072,0,1,1,31,0,30893,650,136.952880,-2.881539,0.034396,0.000000,0.000000,0.000000,-0.021484,-0.064819,1.009277,-1.184606,-3.677324,0.000000000,-0.000000000,0.000000000,-0.000000000,0.000000000,-0.000000000,12994848,12994851,12994851,12994854,12994854,12994868,12994868,12994887
2233,12724,10,1073,0,1,1,31,0,30893,650,136.952880,-2.881539,0.034227,0.000000,0.000000,0.000000,-0.021606,-0.065186,1.009399,-1.186696,-3.669198,0.000000000,-0.000000000,0.000000000,-0.000000000,0.000000000,-0.000000000,13004851,13004853,13004854,13004857,13004857,13004870,13004871,13004890
2248,12734,10,1074,0,1,1,31,0,30893,650,136.952880,-2.881539,0.034048,0.000000,0.000000,0.000000,-0.021118,-0.064087,1.008911,-1.181939,-3.660535,0.000000000,-0.000000000,0.000000000,-0.000000000,0.000000000,-0.000000000,13014850,13014853,13014854,13014856,13014857,13014870,13014870,13014890
2248,12744,10,1075,0,1,1,31,0,30893,650,136.952880,-2.881539,0.033911,0.000000,0.000000,0.000000,-0.019897,-0.063843,1.009155,-1.171271,-3.653870,0.000000000,-0.000000000,0.000000000,-0.000000000,0.000000000,-0.000000000,13024847,13024850,13024851,13024853,13024854,13024867,13024867,13024886
2263,12754,10,1076,0,1,1,31,0,30893,650,136.952880,-2.881539,0.033740,0.000000,0.000000,0.000000,-0.021729,-0.063965,1.007446,-1.177011,-3.645588,0.000000000,-0.000000000,0.000000000,-0.000000000,0.000000000,-0.000000000,13034851,13034854,13034855,13034857,13034858,13034871,13034871,13034890
2279,12764,10,1077,0,1,1,31,0,30893,650,136.952880,-2.881539,0.033665,0.000000,0.000000,0.000000,-0.020996,-0.064209,1.008911,-1.178453,-3.641909,0.000000000,-0.000000000,0.000000000,-0.000000000,0.000000000,-0.000000000,13044851,13044854,13044855,13044857,13044858,13044871,13044872,13044891
2279,12774,10,1078,0,1,1,31,0,30893,650,136.952880,-2.881539,0.033876,0.000000,0.000000,0.000000,-0.020264,-0.065063,1.008301,-1.178653,-3.652151,0.000000000,-0.000000000,0.000000000,-0.000000000,0.000000000,-0.000000000,13054849,13054852,13054853,13054855,13054855,13054868,13054869,13054888
2295,12784,10,1079,0,1,1,31,0,30893,650,136.952880,-2.881539,0.033664,0.000000,0.000000,0.000000,-0.020508,-0.062988,1.009155,-1.166186,-3.641768,0.000000000,-0.000000000,0.000000000,-0.000000000,0.000000000,-0.000000000,13064851,13064854,13064855,13064857,13064858,13064870,13064871,13064890
2310,12794,10,1080,0,1,1,31,0,30893,650,136.952880,-2.881539,0.033587,0.000000,0.000000,0.000000,-0.022095,-0.064453,1.009399,-1.168740,-3.637989,0.000000000,-0.000000000,0.000000000,-0.000000000,0.000000000,-0.000000000,13074850,13074853,13074854,13074857,13074857,13074870,13074871,13074890
2310,12804,10,1081,0,1,1,31,0,30893,650,136.952880,-2.881539,0.033534,0.000000,0.000000,0.000000,-0.021484,-0.063354,1.008057,-1.172595,-3.635395,0.000000000,-0.000000000,0.000000000,-0.000000000,0.000000000,-0.000000000,13084848,13084851,13084852,13084854,13084855,13084868,13084868,13084887
2326,12814,10,1082,0,1,1,31,0,30893,650,136.952880,-2.881539,0.033487,0.000000,0.000000,0.000000,-0.019409,-0.063965,1.008301,-1.165133,-3.633100,0.000000000,-0.000000000,0.000000000,-0.000000000,0.000000000,-0.000000000,13094856,13094858,13094859,13094861,13094862,13094877,13094878,13094897
2341,12824,10,1083,0,1,1,31,0,30893,650,136.952880,-2.881539,0.033547,0.000000,0.000000,0.000000,-0.020996,-0.064087,1.008179,-1.160275,-3.636073,0.000000000,-0.000000000,0.000000000,-0.000000000,0.000000000,-0.000000000,13104852,13104855,13104856,13104858,13104859,13104872,13104873,13104892
2341,12834,10,1084,0,1,1,31,0,30893,650,136.952880,-2.881539,0.033664,0.000000,0.000000,0.000000,-0.020142,-0.065796,1.009399,-1.155625,-3.641849,0.000000000,-0.000000000,0.000000000,-0.000000000,0.000000000,-0.000000000,13114849,13114851,13114852,13114854,13114855,13114868,13114869,13114888
2356,12844,10,1085,0,1,1,31,0,30893,650,136.952880,-2.881539,0.033672,0.000000,0.000000,0.000000,-0.020020,-0.064087,1.009155,-1.143398,-3.642225,0.000000000,-0.000000000,0.000000000,-0.000000000,0.000000000,-0.000000000,13124851,13124854,13124855,13124857,13124857,13124870,13124871,13124890
2356,12854,10,1086,0,1,1,31,0,30893,650,136.952880,-2.881539,0.033823,0.000000,0.000000,0.000000,-0.019287,-0.065063,1.008179,-1.135119,-3.649773,0.000000000,-0.000000000,0.000000000,-0.000000000,0.000000000,-0.000000000,13134851,13134853,13134854,13134857,13134857,13134870,13134871,13134890
2372,12864,10,1087,0,1,1,31,0,30893,650,136.952880,-2.881539,0.033714,0.000000,0.000000,0.000000,-0.021362,-0.063232,1.008423,-1.143840,-3.644305,0.000000000,-0.000000000,0.000000000,-0.000000000,0.000000000,-0.000000000,13144849,13144852,13144852,13144855,13144855,13144868,13144869,13144888
2388,12874,10,1088,0,1,1,31,0,30893,650,136.952880,-2.881539,0.033820,0.000000,0.000000,0.000000,-0.021484,-0.065552,1.008423,-1.162392,-3.649528,0.000000000,-0.000000000,0.000000000,-0.000000000,0.000000000,-0.000000000,13154851,13154854,13154855,13154857,13154858,13154871,13154872,13154890
2388,12884,10,1089,0,1,1,31,0,30893,650,136.952880,-2.881539,0.033784,0.000000,0.000000,0.000000,-0.021240,-0.065063,1.008911,-1.165903,-3.647797,0.000000000,-0.000000000,0.000000000,-0.000000000,0.000000000,-0.000000000,13164850,13164853,13164854,13164856,13164857,13164870,13164870,13164889
2404,12894,10,1090,0,1,1,31,0,30893,650,136.952880,-2.881539,0.033721,0.000000,0.000000,0.000000,-0.020752,-0.065308,1.009277,-1.166254,-3.644674,0.000000000,-0.000000000,0.000000000,-0.000000000,0.000000000,-0.000000000,13174848,13174851,13174852,13174854,13174855,13174867,13174868,13174887
2419,12904,10,1091,0,1,1,31,0,30893,650,136.952880,-2.881539,0.033779,0.000000,0.000000,0.000000,-0.021240,-0.064209,1.008423,-1.165728,-3.647514,0.000000000,-0.000000000,0.000000000,-0.000000000,0.000000000,-0.000000000,13184852,13184855,13184855,13184858,13184859,13184871,13184872,13184892
2419,12914,10,1092,0,1,1,31,0,30893,650,136.952880,-2.881539,0.033726,0.000000,0.000000,0.000000,-0.021729,-0.063599,1.009399,-1.172768,-3.644968,0.000000000,-0.000000000,0.000000000,-0.000000000,0.000000000,-0.000000000,13194851,13194854,13194855,13194857,13194858,13194871,13194871,13194890
2434,12924,10,1093,0,1,1,31,0,30893,650,136.952880,-2.881539,0.033912,0.000000,0.000000,0.000000,-0.020386,-0.065796,1.009155,-1.173879,-3.654005,0.000000000,-0.000000000,0.000000000,-0.000000000,0.000000000,-0.000000000,13204848,13204851,13204852,13204854,13204854,13204867,13204868,13204887
2450,12934,10,1094,0,1,1,31,0,30893,650,136.952880,-2.881539,0.034015,0.000000,0.000000,0.000000,-0.021484,-0.064331,1.009277,-1.176993,-3.659038,0.000000000,-0.000000000,0.000000000,-0.000000000,0.000000000,-0.000000000,13214851,13214853,13214854,13214856,13214857,13214870,13214871,13214889
2450,12944,10,1095,0,1,1,31,0,30893,650,136.952880,-2.881539,0.034192,0.000000,0.000000,0.000000,-0.019775,-0.065918,1.008911,-1.168017,-3.667617,0.000000000,-0.000000000,0.000000000,-0.000000000,0.000000000,-0.000000000,13224851,13224853,13224854,13224857,13224857,13224870,13224871,13224890
2466,12954,10,1096,0,1,1,31,0,30893,650,136.952880,-2.881539,0.034198,0.000000,0.000000,0.000000,-0.018799,-0.064575,1.007812,-1.158834,-3.667905,0.000000000,-0.000000000,0.000000000,-0.000000000,0.000000000,-0.000000000,13234848,13234851,13234852,13234854,13234855,13234868,13234868,13234887
2481,12964,10,1097,0,1,1,31,0,30893,650,136.952880,-2.881539,0.034287,0.000000,0.000000,0.000000,-0.020874,-0.065430,1.007568,-1.157869,-3.672310,0.000000000,-0.000000000,0.000000000,-0.000000000,0.000000000,-0.000000000,13244852,13244855,13244855,13244858,13244859,13244872,13244873,13244892
2481,12974,10,1098,0,1,1,31,0,30893,650,136.952880,-2.881539,0.034291,0.000000,0.000000,0.000000,-0.020752,-0.065308,1.008667,-1.158942,-3.672503,0.000000000,-0.000000000,0.000000000,-0.000000000,0.000000000,-0.000000000,13254851,13254854,13254855,13254857,13254858,13254871,13254871,13254890
2497,12984,10,1099,0,1,1,31,0,30893,650,136.952880,-2.881539,0.034182,0.000000,0.000000,0.000000,-0.021240,-0.064575,1.009766,-1.163387,-3.667164,0.000000000,-0.000000000,0.000000000,-0.000000000,0.000000000,-0.000000000,13264849,13264852,13264853,13264855,13264856,13264869,13264869,13264888
2497,12994,10,1100,0,1,1,31,0,30893,650,136.952880,-2.881539,0.034161,0.000000,0.000000,0.000000,-0.022095,-0.064331,1.009399,-1.169679,-3.666127,0.000000000,-0.000000000,0.000000000,-0.000000000,0.000000000,-0.000000000,13274851,13274854,13274855,13274857,13274858,13274871,13274872,13274891
2512,13004,10,1101,0,1,1,31,0,30893,650,136.952880,-2.881539,0.034053,0.000000,0.000000,0.000000,-0.021973,-0.064941,1.010498,-1.178193,-3.660865,0.000000000,-0.000000000,0.000000000,-0.000000000,0.000000000,-0.000000000,13284851,13284854,13284855,13284857,13284858,13284871,13284872,13284891
2527,13014,10,1102,0,1,1,31,0,30893,650,136.952880,-2.881539,0.034146,0.000000,0.000000,0.000000,-0.019897,-0.066162,1.008789,-1.169227,-3.665379,0.000000000,-0.000000000,0.000000000,-0.000000000,0.000000000,-0.000000000,13294854,13294857,13294858,13294860,13294861,13294876,13294877,13294896
2527,13024,10,1103,0,1,1,31,0,30893,650,136.952880,-2.881539,0.034075,0.000000,0.000000,0.000000,-0.019653,-0.064941,1.009644,-1.167498,-3.661946,0.000000000,-0.000000000,0.000000000,-0.000000000,0.000000000,-0.000000000,13304854,13304857,13304858,13304860,13304861,13304874,13304875,13304895
2543,13034,10,1104,0,1,1,31,0,30893,650,136.952880,-2.881539,0.033788,0.000000,0.000000,0.000000,-0.019531,-0.063721,1.008789,-1.166781,-3.647953,0.000000000,-0.000000000,0.000000000,-0.000000000,0.000000000,-0.000000000,13314852,13314854,13314855,13314857,13314858,13314871,13314872,13314891
2558,13044,10,1105,0,1,1,31,0,30893,650,136.952880,-2.881539,0.033748,0.000000,0.000000,0.000000,-0.022095,-0.064331,1.009033,-1.177767,-3.646016,0.000000000,-0.000000000,0.000000000,-0.000000000,0.000000000,-0.000000000,13324850,13324853,13324854,13324856,13324857,13324870,13324871,13324890
2558,13054,10,1106,0,1,1,31,0,30893,650,136.952880,-2.881539,0.033526,0.000000,0.000000,0.000000,-0.021851,-0.063599,1.008667,-1.182271,-3.635242,0.000000000,-0.000000000,0.000000000,-0.000000000,0.000000000,-0.000000000,13334850,13334853,13334854,13334856,13334856,13334869,13334870,13334889
2574,13064,10,1107,0,1,1,31,0,30893,650,136.952880,-2.881539,0.033513,0.000000,0.000000,0.000000,-0.020508,-0.064575,1.009766,-1.181819,-3.634621,0.000000000,-0.000000000,0.000000000,-0.000000000,0.000000000,-0.000000000,13344851,13344854,13344855,13344857,13344858,13344871,13344871,13344890
2590,13074,10,1108,0,1,1,31,0,30893,650,136.952880,-2.881539,0.033690,0.000000,0.000000,0.000000,-0.021606,-0.065430,1.007690,-1.183905,-3.643191,0.000000000,-0.000000000,0.000000000,-0.000000000,0.000000000,-0.000000000,13354849,13354852,13354852,13354855,13354855,13354868,13354869,13354887
2590,13084,10,1109,0,1,1,31,0,30893,650,136.952880,-2.881539,0.034004,0.000000,0.000000,0.000000,-0.022339,-0.066284,1.008057,-1.189415,-3.658320,0.000000000,-0.000000000,0.000000000,-0.000000000,0.000000000,-0.000000000,13364851,13364854,13364855,13364857,13364858,13364871,13364871,13364890
2605,13094,10,1110,0,1,1,31,0,30893,650,136.952880,-2.881539,0.034037,0.000000,0.000000,0.000000,-0.020996,-0.066406,1.009399,-1.189683,-3.659879,0.000000000,-0.000000000,0.000000000,-0.000000000,0.000000000,-0.000000000,13374851,13374854,13374855,13374857,13374858,13374871,13374871,13374890
2620,13104,10,1111,0,1,1,31,0,30893,650,136.952880,-2.881539,0.034204,0.000000,0.000000,0.000000,-0.019409,-0.066040,1.009277,-1.176332,-3.667973,0.000000000,-0.000000000,0.000000000,-0.000000000,0.000000000,-0.000000000,13384849,13384852,13384852,13384854,13384855,13384868,13384869,13384888
2620,13114,10,1112,0,1,1,31,0,30893,650,136.952880,-2.881539,0.034250,0.000000,0.000000,0.000000,-0.020874,-0.064819,1.008911,-1.167109,-3.670201,0.000000000,-0.000000000,0.000000000,-0.000000000,0.000000000,-0.000000000,13394852,13394855,13394855,13394858,13394858,13394871,13394872,13394891
2636,13124,10,1113,0,1,1,31,0,30893,650,136.952880,-2.881539,0.034053,0.000000,0.000000,0.000000,-0.020020,-0.063843,1.008789,-1.168188,-3.660561,0.000000000,-0.000000000,0.000000000,-0.000000000,0.000000000,-0.000000000,13404851,13404854,13404855,13404857,13404858,13404871,13404871,13404891
2652,13134,10,1114,0,1,1,31,0,30893,650,136.952880,-2.881539,0.034086,0.000000,0.000000,0.000000,-0.020874,-0.065430,1.008911,-1.167518,-3.662208,0.000000000,-0.000000000,0.000000000,-0.000000000,0.000000000,-0.000000000,13414849,13414852,13414853,13414855,13414856,13414869,13414870,13414889
2652,13144,10,1115,0,1,1,31,0,30893,650,136.952880,-2.881539,0.034101,0.000000,0.000000,0.000000,-0.021484,-0.064819,1.009399,-1.169544,-3.662918,0.000000000,-0.000000000,0.000000000,-0.000000000,0.000000000,-0.000000000,13424852,13424855,13424855,13424858,13424858,13424871,13424872,13424891
2668,13154,10,1116,0,1,1,31,0,30893,650,136.952880,-2.881539,0.034056,0.000000,0.000000,0.000000,-0.021606,-0.064575,1.008911,-1.178149,-3.660758,0.000000000,-0.000000000,0.000000000,-0.000000000,0.000000000,-0.000000000,13434851,13434853,13434854,13434857,13434857,13434870,13434871,13434889
2668,13164,10,1117,0,1,1,31,0,30893,650,136.952880,-2.881539,0.033980,0.000000,0.000000,0.000000,-0.020142,-0.064209,1.009399,-1.173285,-3.657067,0.000000000,-0.000000000,0.000000000,-0.000000000,0.000000000,-0.000000000,13444849,13444852,13444853,13444855,13444856,13444869,13444870,13444889
2683,13174,10,1118,0,1,1,31,0,30893,650,136.952880,-2.881539,0.033821,0.000000,0.000000,0.000000,-0.020142,-0.063599,1.008911,-1.163672,-3.649272,0.000000000,-0.000000000,0.000000000,-0.000000000,0.000000000,-0.000000000,13454851,13454854,13454855,13454857,13454858,13454871,13454872,13454890
2698,13184,10,1119,0,1,1,31,0,30893,650,136.952880,-2.881539,0.033815,0.000000,0.000000,0.000000,-0.020874,-0.064941,1.010132,-1.164806,-3.648952,0.000000000,-0.000000000,0.000000000,-0.000000000,0.000000000,-0.000000000,13464851,13464854,13464855,13464858,13464858,13464871,13464872,13464891
2698,13194,10,1120,0,1,1,31,0,30893,650,136.952880,-2.881539,0.034200,0.000000,0.000000,0.000000,-0.018921,-0.066895,1.007935,-1.147791,-3.668002,0.000000000,-0.000000000,0.000000000,-0.000000000,0.000000000,-0.000000000,13474849,13474852,13474853,13474855,13474856,13474869,13474870,13474889
2714,13204,10,1121,0,1,1,31,0,30893,650,136.952880,-2.881539,0.034312,0.000000,0.000000,0.000000,-0.019165,-0.065063,1.008911,-1.141064,-3.673578,0.000000000,-0.000000000,0.000000000,-0.000000000,0.000000000,-0.000000000,13484851,13484854,13484855,13484857,13484858,13484870,13484871,13484890
2729,13214,10,1122,0,1,1,31,0,30893,650,136.952880,-2.881539,0.034384,0.000000,0.000000,0.000000,-0.021362,-0.065430,1.009644,-1.146473,-3.677156,0.000000000,-0.000000000,0.000000000,-0.000000000,0.000000000,-0.000000000,13494856,13494859,13494860,13494862,13494863,13494877,13494878,13494898
2729,13224,10,1123,0,1,1,31,0,30893,650,136.952880,-2.881539,0.034443,0.000000,0.000000,0.000000,-0.022095,-0.065796,1.009399,-1.153462,-3.680112,0.000000000,-0.000000000,0.000000000,-0.000000000,0.000000000,-0.000000000,13504851,13504854,13504854,13504857,13504857,13504870,13504871,13504890
2744,13234,10,1124,0,1,1,31,0,30893,650,136.952880,-2.881539,0.034321,0.000000,0.000000,0.000000,-0.020264,-0.064453,1.010010,-1.152818,-3.674058,0.000000000,-0.000000000,0.000000000,-0.000000000,0.000000000,-0.000000000,13514852,13514855,13514856,13514858,13514858,13514872,13514872,13514891
2760,13244,10,1125,0,1,1,31,0,30893,650,136.952880,-2.881539,0.034356,0.000000,0.000000,0.000000,-0.021118,-0.065308,1.009033,-1.160077,-3.675806,0.000000000,-0.000000000,0.000000000,-0.000000000,0.000000000,-0.000000000,13524852,13524854,13524855,13524857,13524858,13524871,13524872,13524891
2760,13254,10,1126,0,1,1,31,0,30893,650,136.952880,-2.881539,0.034279,0.000000,0.000000,0.000000,-0.020142,-0.064697,1.008179,-1.161923,-3.672023,0.000000000,-0.000000000,0.000000000,-0.000000000,0.000000000,-0.000000000,13534849,13534851,13534852,13534855,13534855,13534868,13534869,13534888
2777,13264,10,1127,0,1,1,31,0,30893,650,136.952880,-2.881539,0.034185,0.000000,0.000000,0.000000,-0.021240,-0.064453,1.008545,-1.167260,-3.667396,0.000000000,-0.000000000,0.000000000,-0.000000000,0.000000000,-0.000000000,13544852,13544855,13544856,13544858,13544859,13544872,13544872,13544892
2777,13274,10,1128,0,1,1,31,0,30893,650,136.952880,-2.881539,0.034338,0.000000,0.000000,0.000000,-0.022461,-0.065674,1.009033,-1.177837,-3.674865,0.000000000,-0.000000000,0.000000000,-0.000000000,0.000000000,-0.000000000,13554852,13554854,13554855,13554857,13554858,13554871,13554872,13554891
2792,13284,10,1129,0,1,1,31,0,30893,650,136.952880,-2.881539,0.034218,0.000000,0.000000,0.000000,-0.020874,-0.064575,1.008789,-1.179615,-3.669055,0.000000000,-0.000000000,0.000000000,-0.000000000,0.000000000,-0.000000000,13564849,13564852,13564853,13564855,13564855,13564868,13564869,13564888
2808,13294,10,1130,0,1,1,31,0,30893,650,136.952880,-2.881539,0.034152,0.000000,0.000000,0.000000,-0.022095,-0.065063,1.008423,-1.188555,-3.665864,0.000000000,-0.000000000,0.000000000,-0.000000000,0.000000000,-0.000000000,13574852,13574854,13574855,13574857,13574858,13574871,13574872,13574891
2808,13304,10,1131,0,1,1,31,0,30893,650,136.952880,-2.881539,0.034032,0.000000,0.000000,0.000000,-0.021851,-0.064819,1.009399,-1.191201,-3.660076,0.000000000,-0.000000000,0.000000000,-0.000000000,0.000000000,-0.000000000,13584851,13584854,13584855,13584857,13584858,13584871,13584872,13584891
2824,13314,10,1132,0,1,1,31,0,30893,650,136.952880,-2.881539,0.034071,0.000000,0.000000,0.000000,-0.021240,-0.065186,1.009644,-1.189607,-3.661951,0.000000000,-0.000000000,0.000000000,-0.000000000,0.000000000,-0.000000000,13594850,13594852,13594853,13594855,13594856,13594869,13594869,13594889
2840,13324,10,1133,0,1,1,31,0,30893,650,136.952880,-2.881539,0.034087,0.000000,0.000000,0.000000,-0.020020,-0.064575,1.010132,-1.179205,-3.662713,0.000000000,-0.000000000,0.000000000,-0.000000000,0.000000000,-0.000000000,13604851,13604854,13604855,13604857,13604858,13604871,13604871,13604890
2840,13334,10,1134,0,1,1,31,0,30893,650,136.952880,-2.881539,0.033975,0.000000,0.000000,0.000000,-0.020386,-0.064331,1.010986,-1.174009,-3.657271,0.000000000,-0.000000000,0.000000000,-0.000000000,0.000000000,-0.000000000,13614852,13614855,13614855,13614857,13614858,13614871,13614872,13614891
2855,13344,10,1135,0,1,1,31,0,30893,650,136.952880,-2.881539,0.033860,0.000000,0.000000,0.000000,-0.021362,-0.064697,1.008789,-1.174417,-3.651695,0.000000000,-0.000000000,0.000000000,-0.000000000,0.000000000,-0.000000000,13624849,13624852,13624853,13624855,13624856,13624869,13624870,13624889
2870,13354,10,1136,0,1,1,31,0,30893,650,136.952880,-2.881539,0.033920,0.000000,0.000000,0.000000,-0.021362,-0.065063,1.009033,-1.183792,-3.654599,0.000000000,-0.000000000,0.000000000,-0.000000000,0.000000000,-0.000000000,13634852,13634854,13634855,13634857,13634858,13634871,13634872,13634890
2870,13364,10,1137,0,1,1,31,0,30893,650,136.952880,-2.881539,0.033935,0.000000,0.000000,0.000000,-0.021973,-0.063721,1.008667,-1.188949,-3.655334,0.000000000,-0.000000000,0.000000000,-0.000000000,0.000000000,-0.000000000,13644852,13644855,13644856,13644858,13644858,13644872,13644872,13644892
2886,13374,10,1138,0,1,1,31,0,30893,650,136.952880,-2.881539,0.033806,0.000000,0.000000,0.000000,-0.022339,-0.064697,1.009766,-1.199986,-3.649168,0.000000000,-0.000000000,0.000000000,-0.000000000,0.000000000,-0.000000000,13654849,13654852,13654853,13654855,13654856,13654869,13654870,13654889
2902,13384,10,1139,0,1,1,31,0,30893,650,136.952880,-2.881539,0.033910,0.000000,0.000000,0.000000,-0.021240,-0.065063,1.007446,-1.198216,-3.654119,0.000000000,-0.000000000,0.000000000,-0.000000000,0.000000000,-0.000000000,13664853,13664856,13664857,13664859,13664860,13664873,13664874,13664893
2902,13394,10,1140,0,1,1,31,0,30893,650,136.952880,-2.881539,0.034259,0.000000,0.000000,0.000000,-0.020996,-0.067505,1.008179,-1.195551,-3.670781,0.000000000,-0.000000000,0.000000000,-0.000000000,0.000000000,-0.000000000,13674852,13674854,13674855,13674857,13674858,13674871,13674872,13674891
2918,13404,10,1141,0,1,1,31,0,30893,650,136.952880,-2.881539,0.034273,0.000000,0.000000,0.000000,-0.020874,-0.065186,1.007690,-1.200004,-3.671410,0.000000000,-0.000000000,0.000000000,-0.000000000,0.000000000,-0.000000000,13684850,13684853,13684853,13684856,13684856,13684869,13684870,13684889
2918,13414,10,1142,0,1,1,31,0,30893,650,136.952880,-2.881539,0.034113,0.000000,0.000000,0.000000,-0.021118,-0.063232,1.008667,-1.194171,-3.663790,0.000000000,-0.000000000,0.000000000,-0.000000000,0.000000000,-0.000000000,13694857,13694860,13694861,13694863,13694864,13694878,13694879,13694898
2933,13424,10,1143,0,1,1,31,0,30893,650,136.952880,-2.881539,0.033946,0.000000,0.000000,0.000000,-0.021484,-0.064819,1.008789,-1.198010,-3.655782,0.000000000,-0.000000000,0.000000000,-0.000000000,0.000000000,-0.000000000,13704853,13704856,13704857,13704859,13704860,13704873,13704874,13704893
2948,13434,10,1144,0,1,1,31,0,30893,650,136.952880,-2.881539,0.033901,0.000000,0.000000,0.000000,-0.019653,-0.065186,1.007202,-1.186853,-3.653679,0.000000000,-0.000000000,0.000000000,-0.000000000,0.000000000,-0.000000000,13714851,13714854,13714855,13714857,13714858,13714871,13714872,13714890
2948,13444,10,1145,0,1,1,31,0,30893,650,136.952880,-2.881539,0.033823,0.000000,0.000000,0.000000,-0.020996,-0.064575,1.010254,-1.184702,-3.649904,0.000000000,-0.000000000,0.000000000,-0.000000000,0.000000000,-0.000000000,13724853,13724855,13724856,13724858,13724859,13724872,13724873,13724892
2963,13454,10,1146,0,1,1,31,0,30893,650,136.952880,-2.881539,0.033963,0.000000,0.000000,0.000000,-0.021973,-0.065796,1.009399,-1.189672,-3.656655,0.000000000,-0.000000000,0.000000000,-0.000000000,0.000000000,-0.000000000,13734852,13734855,13734856,13734858,13734859,13734872,13734873,13734891
2979,13464,10,1147,0,1,1,31,0,30893,650,136.952880,-2.881539,0.034153,0.000000,0.000000,0.000000,-0.019287,-0.065308,1.009033,-1.178471,-3.665769,0.000000000,-0.000000000,0.000000000,-0.000000000,0.000000000,-0.000000000,13744849,13744852,13744853,13744855,13744856,13744869,13744869,13744888
2979,13474,10,1148,0,1,1,31,0,30893,650,136.952880,-2.881539,0.034071,0.000000,0.000000,0.000000,-0.020996,-0.064331,1.008179,-1.178049,-3.661785,0.000000000,-0.000000000,0.000000000,-0.000000000,0.000000000,-0.000000000,13754852,13754855,13754856,13754858,13754858,13754871,13754872,13754891
2994,13484,10,1149,0,1,1,31,0,30893,650,136.952880,-2.881539,0.034056,0.000000,0.000000,0.000000,-0.020142,-0.064697,1.008179,-1.168814,-3.661079,0.000000000,-0.000000000,0.000000000,-0.000000000,0.000000000,-0.000000000,13764852,13764855,13764856,13764858,13764858,13764871,13764872,13764891
