host_ms,board_ms,cycle_ms,seq,accepted,drops,consent,active,fault,stop_reason,left_mv,right_mv,forward_mm,lateral_right_mm,imu_deg,gyro_dps,motor_l1_mm,motor_l2_mm,motor_l3_mm,motor_r1_mm,motor_r2_mm,motor_r3_mm,session_mm,nexus_x_mm,nexus_y_mm,nexus_h_deg,lemlib_x_mm,lemlib_y_mm,lemlib_h_deg,interlocks
4,605764,10,3,3,0,1,0,0,7,0,0,309.991,2.066,6.15105,-0.000,328.323,107.366,330.916,301.351,102.698,301.870,330.916,18.904,311.464,6.15372,18.886,311.463,6.15101,0
66,605774,10,3,3,0,1,0,0,7,0,0,309.991,2.066,6.15126,-0.000,328.323,107.366,330.916,301.351,102.698,301.870,330.916,18.904,311.464,6.15393,18.886,311.463,6.15105,0
66,605784,10,3,3,0,1,0,0,7,0,0,309.991,2.066,6.15123,-0.000,328.323,107.366,330.916,301.351,102.698,301.870,330.916,18.904,311.464,6.15390,18.886,311.463,6.15126,0
66,605794,10,3,3,0,1,0,0,7,0,0,309.991,2.066,6.15101,-0.000,328.323,107.366,330.916,301.351,102.698,301.870,330.916,18.904,311.464,6.15369,18.886,311.463,6.15123,0
66,605804,10,3,3,0,1,0,0,7,0,0,309.991,2.066,6.15093,-0.000,328.323,107.366,330.916,301.351,102.698,301.870,330.916,18.903,311.464,6.15360,18.886,311.463,6.15101,0
66,605814,10,3,3,0,1,0,0,7,0,0,309.991,2.066,6.15077,-0.000,328.323,107.366,330.916,301.351,102.698,301.870,330.916,18.903,311.464,6.15344,18.886,311.463,6.15093,0
66,605824,10,3,3,0,1,0,0,7,0,0,309.991,2.066,6.15056,-0.000,328.323,107.366,330.916,301.351,102.698,301.870,330.916,18.903,311.464,6.15324,18.885,311.463,6.15077,0
106,605834,10,3,3,0,1,0,0,7,0,0,309.991,2.066,6.15091,-0.000,328.323,107.366,330.916,301.351,102.698,301.870,330.916,18.903,311.464,6.15358,18.885,311.462,6.15056,0
106,605844,10,3,3,0,1,0,0,7,0,0,309.991,2.066,6.15076,-0.000,328.323,107.366,330.916,301.351,102.698,301.870,330.916,18.903,311.464,6.15344,18.886,311.463,6.15091,0
106,605854,10,3,3,0,1,0,0,7,0,0,309.991,2.066,6.15079,-0.000,328.323,107.366,330.916,301.351,102.698,301.870,330.916,18.903,311.464,6.15346,18.885,311.463,6.15076,0
106,605864,10,3,3,0,1,0,0,7,0,0,309.991,2.066,6.15056,-0.000,328.323,107.366,330.916,301.351,102.698,301.870,330.916,18.903,311.464,6.15324,18.885,311.463,6.15079,0
121,605874,10,3,3,0,1,0,0,7,0,0,309.991,2.066,6.15073,-0.000,328.323,107.366,330.916,301.351,102.698,301.870,330.916,18.903,311.464,6.15341,18.885,311.462,6.15056,0
137,605884,10,3,3,0,1,0,0,7,0,0,309.991,2.066,6.15064,-0.000,328.323,107.366,330.916,301.351,102.698,301.870,330.916,18.903,311.464,6.15332,18.885,311.463,6.15073,0
137,605894,10,3,3,0,1,0,0,7,0,0,309.991,2.066,6.15050,-0.000,328.323,107.366,330.916,301.351,102.698,301.870,330.916,18.903,311.464,6.15317,18.885,311.463,6.15064,0
153,605904,10,3,3,0,1,0,0,7,0,0,309.991,2.066,6.15044,-0.000,328.323,107.366,330.916,301.351,102.698,301.870,330.916,18.903,311.464,6.15312,18.885,311.463,6.15050,0
169,605914,10,3,3,0,1,0,0,7,0,0,309.991,2.066,6.15050,-0.000,328.323,107.366,330.916,301.351,102.698,301.870,330.916,18.903,311.464,6.15318,18.885,311.462,6.15044,0
169,605924,10,3,3,0,1,0,0,7,0,0,309.991,2.066,6.15052,-0.000,328.323,107.366,330.916,301.351,102.698,301.870,330.916,18.903,311.464,6.15320,18.885,311.463,6.15050,0
185,605934,10,3,3,0,1,0,0,7,0,0,309.991,2.066,6.15054,-0.000,328.323,107.366,330.916,301.351,102.698,301.870,330.916,18.903,311.464,6.15321,18.885,311.463,6.15052,0
185,605944,10,3,3,0,1,0,0,7,0,0,309.991,2.066,6.15063,-0.000,328.323,107.366,330.916,301.351,102.698,301.870,330.916,18.903,311.464,6.15331,18.885,311.463,6.15054,0
201,605954,10,3,3,0,1,0,0,7,0,0,309.991,2.066,6.15070,-0.000,328.323,107.366,330.916,301.351,102.698,301.870,330.916,18.903,311.464,6.15337,18.885,311.463,6.15063,0
216,605964,10,3,3,0,1,0,0,7,0,0,309.991,2.066,6.15105,-0.000,328.323,107.366,330.916,301.351,102.698,301.870,330.916,18.904,311.464,6.15372,18.885,311.463,6.15070,0
216,605974,10,3,3,0,1,0,0,7,0,0,309.991,2.066,6.15100,-0.000,328.323,107.366,330.916,301.351,102.698,301.870,330.916,18.904,311.464,6.15367,18.886,311.463,6.15105,0
232,605984,10,3,3,0,1,0,0,7,0,0,309.991,2.066,6.15112,-0.000,328.323,107.366,330.916,301.351,102.698,301.870,330.916,18.904,311.464,6.15379,18.886,311.463,6.15100,0
247,605994,10,3,3,0,1,0,0,7,0,0,309.991,2.066,6.15107,-0.000,328.323,107.366,330.916,301.351,102.698,301.870,330.916,18.904,311.464,6.15375,18.886,311.463,6.15112,0
247,606004,10,3,3,0,1,0,0,7,0,0,309.991,2.066,6.15121,-0.000,328.323,107.366,330.916,301.351,102.698,301.870,330.916,18.904,311.464,6.15389,18.886,311.463,6.15107,0
262,606014,10,3,3,0,1,0,0,7,0,0,309.991,2.066,6.15108,-0.000,328.323,107.366,330.916,301.351,102.698,301.870,330.916,18.904,311.464,6.15375,18.886,311.463,6.15121,0
279,606024,10,3,3,0,1,0,0,7,0,0,309.991,2.066,6.15082,-0.000,328.323,107.366,330.916,301.351,102.698,301.870,330.916,18.903,311.464,6.15349,18.886,311.463,6.15108,0
279,606034,10,3,3,0,1,0,0,7,0,0,309.991,2.066,6.15067,-0.000,328.323,107.366,330.916,301.351,102.698,301.870,330.916,18.903,311.464,6.15335,18.885,311.463,6.15082,0
294,606044,10,3,3,0,1,0,0,7,0,0,309.991,2.066,6.15051,-0.000,328.323,107.366,330.916,301.351,102.698,301.870,330.916,18.903,311.464,6.15318,18.885,311.463,6.15067,0
294,606054,10,3,3,0,1,0,0,7,0,0,309.991,2.066,6.15065,-0.000,328.323,107.366,330.916,301.351,102.698,301.870,330.916,18.903,311.464,6.15333,18.885,311.462,6.15051,0
325,606064,10,3,3,0,1,0,0,7,0,0,309.991,2.066,6.15060,-0.000,328.323,107.366,330.916,301.351,102.698,301.870,330.916,18.903,311.464,6.15328,18.885,311.463,6.15065,0
325,606074,10,3,3,0,1,0,0,7,0,0,309.991,2.066,6.15067,-0.000,328.323,107.366,330.916,301.351,102.698,301.870,330.916,18.903,311.464,6.15334,18.885,311.462,6.15060,0
325,606084,10,3,3,0,1,0,0,7,0,0,309.991,2.066,6.15063,-0.000,328.323,107.366,330.916,301.351,102.698,301.870,330.916,18.903,311.464,6.15331,18.885,311.463,6.15067,0
341,606094,10,3,3,0,1,0,0,7,0,0,309.991,2.066,6.15043,-0.000,328.323,107.366,330.916,301.351,102.698,301.870,330.916,18.903,311.464,6.15310,18.885,311.462,6.15063,0
356,606104,10,3,3,0,1,0,0,7,0,0,309.991,2.066,6.15038,-0.000,328.323,107.366,330.916,301.351,102.698,301.870,330.916,18.903,311.464,6.15306,18.885,311.462,6.15043,0
356,606114,10,3,3,0,1,0,0,7,0,0,309.991,2.066,6.15049,-0.000,328.323,107.366,330.916,301.351,102.698,301.870,330.916,18.903,311.464,6.15317,18.885,311.462,6.15038,0
371,606124,10,3,3,0,1,0,0,7,0,0,309.991,2.066,6.15054,-0.000,328.323,107.366,330.916,301.351,102.698,301.870,330.916,18.903,311.464,6.15322,18.885,311.462,6.15049,0
386,606134,10,3,3,0,1,0,0,7,0,0,309.991,2.066,6.15057,-0.000,328.323,107.366,330.916,301.351,102.698,301.870,330.916,18.903,311.464,6.15325,18.885,311.462,6.15054,0
386,606144,10,3,3,0,1,0,0,7,0,0,309.991,2.066,6.15068,-0.000,328.323,107.366,330.916,301.351,102.698,301.870,330.916,18.903,311.464,6.15335,18.885,311.462,6.15057,0
402,606154,10,3,3,0,1,0,0,7,0,0,309.991,2.066,6.15078,-0.000,328.323,107.366,330.916,301.351,102.698,301.870,330.916,18.903,311.464,6.15345,18.885,311.462,6.15068,0
418,606164,10,3,3,0,1,0,0,7,0,0,309.991,2.066,6.15092,-0.000,328.323,107.366,330.916,301.351,102.698,301.870,330.916,18.903,311.464,6.15360,18.885,311.462,6.15078,0
418,606174,10,3,3,0,1,0,0,7,0,0,309.991,2.066,6.15092,-0.000,328.323,107.366,330.916,301.351,102.698,301.870,330.916,18.903,311.464,6.15360,18.886,311.462,6.15092,0
434,606184,10,3,3,0,1,0,0,7,0,0,309.991,2.066,6.15070,-0.000,328.323,107.366,330.916,301.351,102.698,301.870,330.916,18.903,311.464,6.15337,18.886,311.462,6.15092,0
449,606194,10,3,3,0,1,0,0,7,0,0,309.991,2.066,6.15080,-0.000,328.323,107.366,330.916,301.351,102.698,301.870,330.916,18.903,311.464,6.15348,18.885,311.462,6.15070,0
449,606204,10,3,3,0,1,0,0,7,0,0,309.991,2.066,6.15067,-0.000,328.323,107.366,330.916,301.351,102.698,301.870,330.916,18.903,311.464,6.15334,18.885,311.462,6.15080,0
465,606214,10,3,3,0,1,0,0,7,0,0,309.991,2.066,6.15045,-0.000,328.323,107.366,330.916,301.351,102.698,301.870,330.916,18.903,311.464,6.15313,18.885,311.462,6.15067,0
465,606224,10,3,3,0,1,0,0,7,0,0,309.991,2.066,6.15056,-0.000,328.323,107.366,330.916,301.351,102.698,301.870,330.916,18.903,311.464,6.15323,18.885,311.462,6.15045,0
480,606234,10,3,3,0,1,0,0,7,0,0,309.991,2.066,6.15068,-0.000,328.323,107.366,330.916,301.351,102.698,301.870,330.916,18.903,311.464,6.15336,18.885,311.462,6.15056,0
496,606244,10,3,3,0,1,0,0,7,0,0,309.991,2.066,6.15071,-0.000,328.323,107.366,330.916,301.351,102.698,301.870,330.916,18.903,311.464,6.15339,18.885,311.462,6.15068,0
496,606254,10,3,3,0,1,0,0,7,0,0,309.991,2.066,6.15053,-0.000,328.323,107.366,330.916,301.351,102.698,301.870,330.916,18.903,311.464,6.15320,18.885,311.462,6.15071,0
512,606264,10,3,3,0,1,0,0,7,0,0,309.991,2.066,6.15044,-0.000,328.323,107.366,330.916,301.351,102.698,301.870,330.916,18.903,311.464,6.15312,18.885,311.462,6.15053,0
528,606274,10,3,3,0,1,0,0,7,0,0,309.991,2.066,6.15055,-0.000,328.323,107.366,330.916,301.351,102.698,301.870,330.916,18.903,311.464,6.15322,18.885,311.462,6.15044,0
528,606284,10,3,3,0,1,0,0,7,0,0,309.991,2.066,6.15075,-0.000,328.323,107.366,330.916,301.351,102.698,301.870,330.916,18.903,311.464,6.15343,18.885,311.462,6.15055,0
544,606294,10,3,3,0,1,0,0,7,0,0,309.991,2.066,6.15067,-0.000,328.323,107.366,330.916,301.351,102.698,301.870,330.916,18.903,311.464,6.15335,18.885,311.462,6.15075,0
559,606304,10,3,3,0,1,0,0,7,0,0,309.991,2.066,6.15076,-0.000,328.323,107.366,330.916,301.351,102.698,301.870,330.916,18.903,311.464,6.15343,18.885,311.462,6.15067,0
559,606314,10,3,3,0,1,0,0,7,0,0,309.991,2.066,6.15101,-0.000,328.323,107.366,330.916,301.351,102.698,301.870,330.916,18.904,311.464,6.15368,18.885,311.462,6.15076,0
575,606324,10,3,3,0,1,0,0,7,0,0,309.991,2.066,6.15111,-0.000,328.323,107.366,330.916,301.351,102.698,301.870,330.916,18.904,311.464,6.15379,18.886,311.462,6.15101,0
575,606334,10,3,3,0,1,0,0,7,0,0,309.991,2.066,6.15109,-0.000,328.323,107.366,330.916,301.351,102.698,301.870,330.916,18.904,311.464,6.15377,18.886,311.462,6.15111,0
590,606344,10,3,3,0,1,0,0,7,0,0,309.991,2.066,6.15096,-0.000,328.323,107.366,330.916,301.351,102.698,301.870,330.916,18.904,311.464,6.15363,18.886,311.462,6.15110,0
606,606354,10,3,3,0,1,0,0,7,0,0,309.991,2.066,6.15083,-0.000,328.323,107.366,330.916,301.351,102.698,301.870,330.916,18.903,311.464,6.15351,18.886,311.462,6.15096,0
606,606364,10,3,3,0,1,0,0,7,0,0,309.991,2.066,6.15068,-0.000,328.323,107.366,330.916,301.351,102.698,301.870,330.916,18.903,311.464,6.15335,18.885,311.462,6.15083,0
621,606374,10,3,3,0,1,0,0,7,0,0,309.991,2.066,6.15068,-0.000,328.323,107.366,330.916,301.351,102.698,301.870,330.916,18.903,311.464,6.15336,18.885,311.462,6.15068,0
637,606384,10,3,3,0,1,0,0,7,0,0,309.991,2.066,6.15053,-0.000,328.323,107.366,330.916,301.351,102.698,301.870,330.916,18.903,311.464,6.15320,18.885,311.462,6.15068,0
637,606394,10,3,3,0,1,0,0,7,0,0,309.991,2.066,6.15077,-0.000,328.323,107.366,330.916,301.351,102.698,301.870,330.916,18.903,311.464,6.15344,18.885,311.462,6.15053,0
652,606404,10,3,3,0,1,0,0,7,0,0,309.991,2.066,6.15058,-0.000,328.323,107.366,330.916,301.351,102.698,301.870,330.916,18.903,311.464,6.15325,18.885,311.462,6.15077,0
667,606414,10,3,3,0,1,0,0,7,0,0,309.991,2.066,6.15065,-0.000,328.323,107.366,330.916,301.351,102.698,301.870,330.916,18.903,311.464,6.15332,18.885,311.462,6.15058,0
667,606424,10,3,3,0,1,0,0,7,0,0,309.991,2.066,6.15074,-0.000,328.323,107.366,330.916,301.351,102.698,301.870,330.916,18.903,311.464,6.15342,18.885,311.462,6.15064,0
683,606434,10,3,3,0,1,0,0,7,0,0,309.991,2.066,6.15060,-0.000,328.323,107.366,330.916,301.351,102.698,301.870,330.916,18.903,311.464,6.15327,18.885,311.462,6.15074,0
699,606444,10,3,3,0,1,0,0,7,0,0,309.991,2.066,6.15078,-0.000,328.323,107.366,330.916,301.351,102.698,301.870,330.916,18.903,311.464,6.15346,18.885,311.462,6.15060,0
699,606454,10,3,3,0,1,0,0,7,0,0,309.991,2.066,6.15075,-0.000,328.323,107.366,330.916,301.351,102.698,301.870,330.916,18.903,311.464,6.15343,18.885,311.462,6.15078,0
714,606464,10,3,3,0,1,0,0,7,0,0,309.991,2.066,6.15078,-0.000,328.323,107.366,330.916,301.351,102.698,301.870,330.916,18.903,311.464,6.15345,18.885,311.462,6.15075,0
714,606474,10,3,3,0,1,0,0,7,0,0,309.991,2.066,6.15073,-0.000,328.323,107.366,330.916,301.351,102.698,301.870,330.916,18.903,311.464,6.15341,18.885,311.462,6.15078,0
730,606484,10,3,3,0,1,0,0,7,0,0,309.991,2.066,6.15080,-0.000,328.323,107.366,330.916,301.351,102.698,301.870,330.916,18.903,311.464,6.15347,18.885,311.462,6.15073,0
745,606494,10,3,3,0,1,0,0,7,0,0,309.991,2.066,6.15085,-0.000,328.323,107.366,330.916,301.351,102.698,301.870,330.916,18.903,311.464,6.15353,18.885,311.462,6.15080,0
745,606504,10,3,3,0,1,0,0,7,0,0,309.991,2.066,6.15084,-0.000,328.323,107.366,330.916,301.351,102.698,301.870,330.916,18.903,311.464,6.15352,18.885,311.462,6.15085,0
760,606514,10,3,3,0,1,0,0,7,0,0,309.991,2.066,6.15072,-0.000,328.323,107.366,330.916,301.351,102.698,301.870,330.916,18.903,311.464,6.15339,18.885,311.462,6.15084,0
776,606524,10,3,3,0,1,0,0,7,0,0,309.991,2.066,6.15078,-0.000,328.323,107.366,330.916,301.351,102.698,301.870,330.916,18.903,311.464,6.15346,18.885,311.462,6.15072,0
776,606534,10,3,3,0,1,0,0,7,0,0,309.991,2.066,6.15077,-0.000,328.323,107.366,330.916,301.351,102.698,301.870,330.916,18.903,311.464,6.15344,18.885,311.462,6.15078,0
792,606544,10,3,3,0,1,0,0,7,0,0,309.991,2.066,6.15098,-0.000,328.323,107.366,330.916,301.351,102.698,301.870,330.916,18.904,311.464,6.15365,18.885,311.462,6.15077,0
808,606554,10,3,3,0,1,0,0,7,0,0,309.991,2.066,6.15085,-0.000,328.323,107.366,330.916,301.351,102.698,301.870,330.916,18.903,311.464,6.15353,18.886,311.463,6.15098,0
808,606564,10,3,3,0,1,0,0,7,0,0,309.991,2.066,6.15068,-0.000,328.323,107.366,330.916,301.351,102.698,301.870,330.916,18.903,311.464,6.15335,18.885,311.462,6.15085,0
823,606574,10,3,3,0,1,0,0,7,0,0,309.991,2.066,6.15077,-0.000,328.323,107.366,330.916,301.351,102.698,301.870,330.916,18.903,311.464,6.15345,18.885,311.462,6.15068,0
838,606584,10,3,3,0,1,0,0,7,0,0,309.991,2.066,6.15096,-0.000,328.323,107.366,330.916,301.351,102.698,301.870,330.916,18.904,311.464,6.15364,18.885,311.462,6.15077,0
838,606594,10,3,3,0,1,0,0,7,0,0,309.991,2.066,6.15107,-0.000,328.323,107.366,330.916,301.351,102.698,301.870,330.916,18.904,311.464,6.15375,18.886,311.462,6.15096,0
854,606604,10,3,3,0,1,0,0,7,0,0,309.991,2.066,6.15096,-0.000,328.323,107.366,330.916,301.351,102.698,301.870,330.916,18.904,311.464,6.15364,18.886,311.463,6.15107,0
854,606614,10,3,3,0,1,0,0,7,0,0,309.991,2.066,6.15095,-0.000,328.323,107.366,330.916,301.351,102.698,301.870,330.916,18.904,311.464,6.15362,18.886,311.462,6.15096,0
869,606624,10,3,3,0,1,0,0,7,0,0,309.991,2.066,6.15105,-0.000,328.323,107.366,330.916,301.351,102.698,301.870,330.916,18.904,311.464,6.15373,18.886,311.462,6.15095,0
885,606634,10,3,3,0,1,0,0,7,0,0,309.991,2.066,6.15113,-0.000,328.323,107.366,330.916,301.351,102.698,301.870,330.916,18.904,311.464,6.15380,18.886,311.463,6.15105,0
885,606644,10,3,3,0,1,0,0,7,0,0,309.991,2.066,6.15095,-0.000,328.323,107.366,330.916,301.351,102.698,301.870,330.916,18.904,311.464,6.15362,18.886,311.463,6.15113,0
901,606654,10,3,3,0,1,0,0,7,0,0,309.991,2.066,6.15075,-0.000,328.323,107.366,330.916,301.351,102.698,301.870,330.916,18.903,311.464,6.15342,18.886,311.462,6.15095,0
917,606664,10,3,3,0,1,0,0,7,0,0,309.991,2.066,6.15082,-0.000,328.323,107.366,330.916,301.351,102.698,301.870,330.916,18.903,311.464,6.15349,18.885,311.462,6.15075,0
917,606674,10,3,3,0,1,0,0,7,0,0,309.991,2.066,6.15097,-0.000,328.323,107.366,330.916,301.351,102.698,301.870,330.916,18.904,311.464,6.15364,18.885,311.462,6.15082,0
932,606684,10,3,3,0,1,0,0,7,0,0,309.991,2.066,6.15077,-0.000,328.323,107.366,330.916,301.351,102.698,301.870,330.916,18.903,311.464,6.15344,18.886,311.462,6.15097,0
947,606694,10,3,3,0,1,0,0,7,0,0,309.991,2.066,6.15070,-0.000,328.323,107.366,330.916,301.351,102.698,301.870,330.916,18.903,311.464,6.15338,18.885,311.462,6.15077,0
947,606704,10,3,3,0,1,0,0,7,0,0,309.991,2.066,6.15078,-0.000,328.323,107.366,330.916,301.351,102.698,301.870,330.916,18.903,311.464,6.15345,18.885,311.462,6.15070,0
962,606714,10,3,3,0,1,0,0,7,0,0,309.991,2.066,6.15097,-0.000,328.323,107.366,330.916,301.351,102.698,301.870,330.916,18.904,311.464,6.15364,18.885,311.462,6.15078,0
978,606724,10,3,3,0,1,0,0,7,0,0,309.991,2.066,6.15078,-0.000,328.323,107.366,330.916,301.351,102.698,301.870,330.916,18.903,311.464,6.15345,18.886,311.462,6.15097,0
978,606734,10,3,3,0,1,0,0,7,0,0,309.991,2.066,6.15073,-0.000,328.323,107.366,330.916,301.351,102.698,301.870,330.916,18.903,311.464,6.15340,18.885,311.462,6.15078,0
994,606744,10,3,3,0,1,0,0,7,0,0,309.991,2.066,6.15088,-0.000,328.323,107.366,330.916,301.351,102.698,301.870,330.916,18.903,311.464,6.15355,18.885,311.462,6.15073,0
994,606754,10,3,3,0,1,0,0,7,0,0,309.991,2.066,6.15074,-0.000,328.323,107.366,330.916,301.351,102.698,301.870,330.916,18.903,311.464,6.15341,18.885,311.462,6.15088,0
1009,606764,10,3,3,0,1,0,0,7,0,0,309.991,2.066,6.15080,-0.000,328.323,107.366,330.916,301.351,102.698,301.870,330.916,18.903,311.464,6.15347,18.885,311.462,6.15074,0
1041,606774,10,3,3,0,1,0,0,7,0,0,309.991,2.066,6.15058,-0.000,328.323,107.366,330.916,301.351,102.698,301.870,330.916,18.903,311.464,6.15325,18.885,311.462,6.15080,0
1041,606784,10,3,3,0,1,0,0,7,0,0,309.991,2.066,6.15064,-0.000,328.323,107.366,330.916,301.351,102.698,301.870,330.916,18.903,311.464,6.15332,18.885,311.462,6.15058,0
1041,606794,10,4,4,0,1,1,0,0,1500,3000,309.991,2.066,6.15040,-0.000,328.323,107.366,330.916,301.351,102.698,301.870,330.916,18.903,311.464,6.15307,18.885,311.462,6.15064,0
1056,606804,10,4,4,0,1,1,0,0,1500,3000,309.991,2.066,6.15044,-0.000,328.323,107.366,330.916,301.351,102.698,301.870,330.916,18.903,311.464,6.15311,18.885,311.462,6.15040,0
1056,606814,10,4,4,0,1,1,0,0,1500,3000,309.991,2.066,6.15086,-0.000,328.323,108.058,331.435,302.907,103.735,302.907,331.435,18.903,311.464,6.15354,18.885,311.462,6.15044,0
1072,606824,10,4,4,0,1,1,0,0,1500,3000,309.991,2.066,6.15051,-0.000,329.360,108.922,332.991,306.019,104.600,305.501,332.991,18.903,311.464,6.15319,18.885,311.462,6.15086,0
1087,606834,10,4,4,0,1,1,0,0,1500,3000,309.991,2.066,6.14837,-0.397,330.397,109.960,334.547,309.131,106.329,308.094,334.547,18.900,311.464,6.15105,18.885,311.462,6.15051,0
1087,606844,10,4,4,0,1,1,0,0,1500,3000,310.342,2.141,6.11877,-3.662,331.953,111.343,335.584,310.169,108.576,310.687,335.584,18.976,311.797,6.12144,18.882,311.462,6.14837,0
1103,606854,10,4,4,0,1,1,0,0,1500,3000,310.772,2.141,6.07473,-4.517,332.991,112.207,335.584,310.169,109.787,310.687,335.584,18.966,312.215,6.07741,18.958,311.796,6.11877,0
1119,606864,10,4,4,0,1,1,0,0,1500,3000,311.357,2.456,6.01435,-6.012,334.547,112.899,336.103,311.206,109.787,311.725,336.103,19.265,312.751,6.01703,18.948,312.214,6.07473,0
1119,606874,10,4,4,0,1,1,0,0,1500,3000,311.942,2.531,5.95449,-5.860,336.103,112.899,336.621,312.762,109.787,312.244,336.621,19.326,313.312,5.95717,19.247,312.749,6.01435,0
1135,606884,10,4,4,0,1,1,0,0,1500,3000,312.718,2.531,5.89828,-5.066,337.659,112.899,337.140,313.281,109.441,313.281,337.659,19.336,314.071,5.90095,19.308,313.310,5.95449,0
1135,606894,10,4,4,0,1,1,0,0,1500,3000,313.343,2.611,5.86168,-3.113,338.177,113.244,337.659,314.318,109.787,313.800,338.177,19.434,314.677,5.86436,19.318,314.069,5.89828,0
1150,606904,10,4,4,0,1,1,0,0,1500,3000,314.238,2.686,5.83341,-2.564,338.696,113.244,338.696,314.837,110.132,314.837,338.696,19.565,315.554,5.83609,19.416,314.675,5.86168,0
1165,606914,10,4,4,0,1,1,0,0,1500,3000,315.019,2.686,5.81762,-0.977,339.215,113.590,339.215,315.874,110.478,315.874,339.215,19.624,316.326,5.82029,19.547,315.552,5.83341,0
1165,606924,10,4,4,0,1,1,0,0,1500,3000,315.954,2.686,5.81222,-0.427,340.252,113.936,340.771,316.912,110.824,316.912,340.771,19.712,317.256,5.81489,19.606,316.324,5.81762,0
1181,606934,10,4,4,0,1,1,0,0,1500,3000,317.005,2.686,5.81024,-0.000,341.289,114.109,341.289,317.949,111.170,317.949,341.289,19.816,318.300,5.81292,19.694,317.254,5.81222,0
1197,606944,10,4,4,0,1,1,0,0,1500,3000,317.980,2.766,5.79922,-1.404,342.327,114.455,342.845,318.986,111.516,318.986,342.845,19.980,319.260,5.80189,19.798,318.299,5.81024,0
1197,606954,10,4,4,0,1,1,0,0,1500,3000,318.915,2.766,5.77993,-1.892,343.364,114.800,343.883,320.024,111.516,320.024,343.883,20.051,320.186,5.78261,19.962,319.258,5.79922,0
1213,606964,10,4,4,0,1,1,0,0,1500,3000,319.696,2.766,5.76216,-1.862,344.401,115.146,344.920,321.061,112.034,320.542,344.920,20.107,320.959,5.76484,20.032,320.185,5.77993,0
1228,606974,10,4,4,0,1,1,0,0,1500,3000,320.901,2.766,5.74057,-2.167,345.439,115.492,345.439,322.098,112.380,322.098,345.439,20.201,322.154,5.74325,20.089,320.957,5.76216,0
1228,606984,10,4,4,0,1,1,0,0,1500,3000,322.072,2.766,5.70655,-3.540,346.476,115.838,346.476,323.654,113.072,323.136,346.476,20.275,323.310,5.70923,20.182,322.152,5.74057,0
1244,606994,10,4,4,0,1,1,0,0,1500,3000,323.242,2.842,5.66302,-4.303,347.514,116.184,347.514,324.692,113.417,324.692,347.514,20.412,324.458,5.66570,20.257,323.309,5.70655,0
1260,607004,10,4,4,0,1,1,0,0,1500,3000,324.333,2.842,5.61616,-4.669,348.551,116.529,348.551,326.248,113.763,325.729,348.551,20.460,325.532,5.61884,20.393,324.456,5.66302,0
1260,607014,10,4,4,0,1,1,0,0,1500,3000,325.654,2.842,5.56299,-5.371,349.588,116.702,349.588,327.285,114.109,327.285,349.588,20.523,326.835,5.56567,20.442,325.531,5.61616,0
1275,607024,10,4,4,0,1,1,0,0,1500,3000,326.824,2.842,5.50501,-5.737,350.626,117.048,350.626,328.841,114.973,328.841,350.626,20.563,327.987,5.50768,20.504,326.833,5.56299,0
1275,607034,10,4,4,0,1,1,0,0,1500,3000,328.070,2.842,5.44523,-5.768,351.663,117.394,352.182,330.397,115.319,330.397,352.182,20.607,329.213,5.44790,20.544,327.985,5.50501,0
1291,607044,10,4,4,0,1,1,0,0,1500,3000,328.970,2.842,5.38030,-6.500,352.700,118.085,353.219,331.953,115.665,331.953,353.219,20.611,330.094,5.38297,20.588,329.211,5.44523,0
1307,607054,10,4,4,0,1,1,0,0,1500,3000,330.215,2.921,5.30921,-7.111,354.256,118.431,354.775,333.509,116.011,333.509,354.775,20.718,331.310,5.31188,20.592,330.092,5.38030,0
1307,607064,10,4,4,0,1,1,0,0,1500,3000,331.771,2.842,5.24444,-6.623,355.294,118.777,355.812,335.065,116.357,335.065,355.812,20.701,332.851,5.24711,20.699,331.308,5.30921,0
1322,607074,10,4,4,0,1,1,0,0,1500,3000,333.137,2.842,5.18281,-6.256,356.331,119.296,357.368,336.621,117.567,336.621,357.368,20.748,334.197,5.18549,20.682,332.850,5.24444,0
1337,607084,10,4,4,0,1,1,0,0,1500,3000,334.618,2.842,5.12065,-6.134,357.887,119.641,358.406,338.696,118.258,338.696,358.406,20.803,335.656,5.12332,20.729,334.195,5.18281,0
1337,607094,10,4,4,0,1,1,0,0,1500,3000,336.058,2.921,5.05126,-7.019,359.443,119.987,359.962,340.252,118.950,340.252,359.962,20.924,337.068,5.05394,20.784,335.655,5.12065,0
1354,607104,10,4,4,0,1,1,0,0,1500,3000,337.694,3.001,4.97397,-7.782,360.480,120.679,360.999,342.327,119.296,342.327,360.999,21.050,338.672,4.97665,20.905,337.066,5.05126,0
1370,607114,10,4,4,0,1,1,0,0,1500,3000,339.370,3.077,4.88793,-8.637,362.037,121.025,362.555,343.883,119.469,343.883,362.555,21.162,340.314,4.89061,21.031,338.670,4.97397,0
1370,607124,10,4,4,0,1,1,0,0,1500,3000,340.970,3.156,4.80237,-8.698,363.593,121.716,364.111,345.958,120.160,345.958,364.111,21.270,341.881,4.80504,21.143,340.312,4.88793,0
1385,607134,10,4,4,0,1,1,0,0,1500,3000,342.761,3.232,4.72056,-8.240,365.149,122.235,365.667,347.514,121.198,348.032,365.667,21.392,343.639,4.72323,21.251,341.879,4.80237,0
1385,607144,10,4,4,0,1,1,0,0,1500,3000,344.552,3.312,4.64319,-7.691,366.705,122.581,367.223,349.588,122.062,350.107,367.223,21.521,345.399,4.64586,21.372,343.638,4.72056,0
1401,607154,10,4,4,0,1,1,0,0,1500,3000,346.268,3.312,4.56676,-7.416,368.261,123.272,368.779,351.663,122.754,352.182,368.779,21.564,347.090,4.56944,21.502,345.397,4.64319,0
1416,607164,10,4,4,0,1,1,0,0,1500,3000,348.099,3.387,4.49129,-7.263,369.817,123.964,370.335,353.738,122.754,354.256,370.335,21.690,348.890,4.49397,21.544,347.088,4.56676,0
1416,607174,10,4,4,0,1,1,0,0,1500,3000,350.045,3.547,4.42171,-6.958,371.373,124.482,371.891,355.812,123.099,355.812,371.891,21.913,350.800,4.42439,21.670,348.888,4.49129,0
1431,607184,10,4,4,0,1,1,0,0,1500,3000,351.721,3.547,4.36483,-5.646,373.447,124.828,373.966,357.887,123.791,357.887,373.966,21.971,352.456,4.36750,21.894,350.798,4.42171,0
1447,607194,10,4,4,0,1,1,0,0,1500,3000,353.551,3.702,4.31919,-4.608,375.003,125.520,375.522,359.962,125.001,359.962,375.522,22.208,354.259,4.32186,21.951,352.455,4.36483,0
1447,607204,10,4,4,0,1,1,0,0,1500,3000,355.422,3.857,4.28346,-3.601,376.559,126.211,377.597,362.037,126.384,362.555,377.597,22.458,356.103,4.28613,22.188,354.257,4.31919,0
1462,607214,10,4,4,0,1,1,0,0,1500,3000,357.373,3.932,4.24688,-3.571,378.115,126.903,379.153,364.111,127.249,364.630,379.153,22.633,358.033,4.24955,22.438,356.102,4.28346,0
1478,607224,10,4,4,0,1,1,0,0,1500,3000,359.244,3.932,4.20489,-4.089,380.190,127.422,381.228,366.186,127.249,366.705,381.228,22.719,359.888,4.20757,22.613,358.032,4.24688,0
1478,607234,10,4,4,0,1,1,0,0,1500,3000,361.305,3.932,4.15365,-5.341,381.746,128.113,383.302,368.261,127.595,368.779,383.302,22.805,361.931,4.15632,22.699,359.887,4.20489,0
1493,607244,10,4,4,0,1,1,0,0,1500,3000,363.411,4.012,4.10008,-5.646,383.302,128.805,385.377,370.335,127.940,370.854,385.377,22.970,364.012,4.10276,22.785,361.929,4.15365,0
1509,607254,10,4,4,0,1,1,0,0,1500,3000,365.592,4.012,4.04778,-5.402,384.858,129.496,386.933,372.929,128.978,372.929,386.933,23.060,366.173,4.05045,22.950,364.010,4.10008,0
1509,607264,10,4,4,0,1,1,0,0,1500,3000,367.112,4.092,3.99824,-5.127,386.933,129.669,389.008,375.003,130.188,375.003,389.008,23.185,367.672,4.00092,23.040,366.172,4.04778,0
1525,607274,10,4,4,0,1,1,0,0,1500,3000,369.098,4.167,3.95061,-4.883,388.489,130.361,390.564,377.078,130.879,377.597,390.564,23.339,369.635,3.95328,23.164,367.670,3.99824,0
1525,607284,10,4,4,0,1,1,0,0,1500,3000,371.124,4.167,3.89793,-5.310,390.045,131.052,392.638,379.153,131.917,379.672,392.638,23.412,371.642,3.90060,23.318,369.633,3.95060,0
1541,607294,10,4,4,0,1,1,0,0,1500,3000,373.115,4.167,3.84060,-5.829,392.120,131.744,394.713,381.746,132.436,382.265,394.713,23.475,373.613,3.84327,23.391,371.641,3.89793,0
1558,607304,10,4,4,0,1,1,0,0,1500,3000,374.866,4.247,3.77385,-6.806,393.676,132.263,396.788,384.340,132.781,384.858,396.788,23.588,375.337,3.77653,23.454,373.611,3.84060,0
1558,607314,10,4,4,0,1,1,0,0,1500,3000,377.242,4.322,3.67318,-6.958,395.751,132.954,398.344,386.414,133.127,386.933,398.344,23.693,377.676,3.67585,23.567,375.336,3.77385,0
1573,607324,10,4,4,0,1,1,0,0,1500,3000,379.388,4.402,3.61218,-6.165,397.307,133.646,400.419,389.008,134.164,389.008,400.419,23.833,379.796,3.61486,23.672,377.675,3.67318,0
1589,607334,10,4,4,0,1,1,0,0,1500,3000,381.569,4.482,3.55247,-5.921,399.381,134.337,402.493,391.082,135.375,391.601,402.493,23.975,381.952,3.55515,23.812,379.794,3.61218,0
1589,607344,10,4,4,0,1,1,0,0,1500,3000,383.830,4.557,3.49025,-6.134,401.456,135.202,404.568,393.676,136.412,393.676,404.568,24.112,384.187,3.49293,23.954,381.950,3.55247,0
1605,607354,10,4,4,0,1,1,0,0,1500,3000,386.046,4.712,3.42274,-6.775,403.012,135.893,406.124,395.751,136.758,396.269,406.124,24.317,386.371,3.42541,24.091,384.185,3.49025,0
1605,607364,10,4,4,0,1,1,0,0,1500,3000,388.307,4.792,3.35603,-6.806,405.087,136.585,408.717,398.344,137.104,398.344,408.717,24.447,388.605,3.35871,24.295,386.370,3.42274,0
1621,607374,10,4,4,0,1,1,0,0,1500,3000,390.453,4.947,3.29050,-6.958,407.161,137.276,410.792,400.419,137.622,400.937,410.792,24.646,390.720,3.29318,24.426,388.603,3.35603,0
1637,607384,10,4,4,0,1,1,0,0,1500,3000,392.709,5.027,3.22039,-7.080,408.717,137.795,412.348,403.012,139.005,403.012,412.348,24.767,392.949,3.22307,24.624,390.718,3.29050,0
1637,607394,10,4,4,0,1,1,0,0,1500,3000,394.735,5.182,3.14830,-7.080,410.792,138.487,414.423,405.605,140.216,406.124,414.423,24.945,394.943,3.15097,24.745,392.947,3.22039,0
1652,607404,10,4,4,0,1,1,0,0,1500,3000,396.881,5.413,3.06796,-8.148,412.867,139.524,416.498,408.199,141.253,408.717,416.498,25.192,397.050,3.07063,24.923,394.941,3.14830,0
1667,607414,10,4,4,0,1,1,0,0,1500,3000,399.257,5.728,2.98131,-8.942,414.423,140.043,418.572,410.792,141.599,411.311,418.572,25.524,399.382,2.98399,25.170,397.048,3.06796,0
1667,607424,10,4,4,0,1,1,0,0,1500,3000,401.283,5.803,2.89335,-9.003,416.498,140.734,420.647,413.386,141.945,413.386,420.647,25.595,401.376,2.89603,25.502,399.380,2.98131,0
1682,607434,10,4,4,0,1,1,0,0,1500,3000,404.049,5.883,2.80868,-8.728,418.572,141.426,422.722,415.979,142.809,415.979,422.722,25.707,404.110,2.81135,25.573,401.374,2.89335,0
1698,607444,10,4,4,0,1,1,0,0,1500,3000,405.995,5.963,2.72319,-8.850,420.647,142.117,424.796,418.572,143.846,418.572,424.796,25.775,406.026,2.72587,25.685,404.109,2.80868,0
1698,607454,10,4,4,0,1,1,0,0,1500,3000,408.412,6.153,2.63815,-8.698,422.722,142.636,426.871,421.166,145.402,421.166,426.871,25.974,408.405,2.64083,25.753,406.024,2.72319,0
1713,607464,10,4,4,0,1,1,0,0,1500,3000,410.633,6.313,2.55298,-8.606,424.278,143.328,428.946,423.240,146.440,423.759,428.946,26.128,410.592,2.55565,25.951,408.404,2.63815,0
1729,607474,10,4,4,0,1,1,0,0,1500,3000,412.933,6.468,2.46399,-8.942,426.352,144.019,431.021,425.834,147.131,426.352,431.021,26.274,412.857,2.46667,26.106,410.590,2.55297,0
1729,607484,10,4,4,0,1,1,0,0,1500,3000,415.154,6.543,2.37220,-9.339,428.427,144.711,433.095,428.427,147.477,428.427,433.095,26.330,415.046,2.37487,26.252,412.856,2.46399,0
1745,607494,10,4,4,0,1,1,0,0,1500,3000,417.491,6.543,2.28713,-8.484,430.502,145.230,435.170,431.021,147.823,431.021,435.170,26.320,417.355,2.28980,26.307,415.044,2.37220,0
1745,607504,10,4,4,0,1,1,0,0,1500,3000,419.791,6.543,2.21296,-7.508,432.577,145.921,437.245,433.614,148.687,433.614,437.245,26.319,419.631,2.21564,26.297,417.353,2.28713,0
1761,607514,10,4,4,0,1,1,0,0,1500,3000,422.128,6.623,2.14832,-6.470,434.133,146.958,439.319,436.207,150.071,436.207,439.319,26.408,421.943,2.15100,26.296,419.630,2.21296,0
1777,607524,10,4,4,0,1,1,0,0,1500,3000,424.273,6.623,2.08465,-6.439,436.207,147.650,441.394,438.801,150.935,438.801,441.394,26.409,424.068,2.08733,26.385,421.942,2.14832,0
1777,607534,10,4,4,0,1,1,0,0,1500,3000,426.649,6.623,2.01727,-6.745,438.282,148.169,443.469,440.875,151.972,441.394,443.469,26.411,426.422,2.01995,26.385,424.067,2.08465,0
1793,607544,10,4,4,0,1,1,0,0,1500,3000,428.986,6.543,1.94123,-7.904,440.357,148.860,445.543,443.469,152.664,443.469,445.543,26.318,428.737,1.94390,26.387,426.421,2.01727,0
1808,607554,10,4,4,0,1,1,0,0,1500,3000,432.492,6.623,1.86392,-7.996,442.431,149.552,447.618,446.062,153.010,446.062,447.618,26.419,432.215,1.86660,26.295,428.735,1.94123,0
1808,607564,10,4,4,0,1,1,0,0,1500,3000,434.793,6.703,1.79145,-7.324,444.506,150.243,449.693,448.656,153.528,448.656,449.693,26.483,434.489,1.79412,26.395,432.213,1.86392,0
1824,607574,10,4,4,0,1,0,1,5,0,0,437.209,6.778,1.72670,-6.653,446.581,151.108,451.768,451.249,154.912,451.249,451.768,26.553,436.882,1.72938,26.459,434.488,1.79145,0
